#
# There is insufficient memory for the Java Runtime Environment to continue.
# Native memory allocation (malloc) failed to allocate 1247856 bytes. Error detail: Chunk::new
# Possible reasons:
#   The system is out of physical RAM or swap space
#   This process is running with CompressedOops enabled, and the Java Heap may be blocking the growth of the native heap
# Possible solutions:
#   Reduce memory load on the system
#   Increase physical memory or swap space
#   Check if swap backing store is full
#   Decrease Java heap size (-Xmx/-Xms)
#   Decrease number of Java threads
#   Decrease Java thread stack sizes (-Xss)
#   Set larger code cache with -XX:ReservedCodeCacheSize=
#   JVM is running with Unscaled Compressed Oops mode in which the Java heap is
#     placed in the first 4GB address space. The Java Heap base address is the
#     maximum limit for the native heap growth. Please use -XX:HeapBaseMinAddress
#     to set the Java Heap base and to place the Java Heap above 4GB virtual address.
# This output file may be truncated or incomplete.
#
#  Out of Memory Error (arena.cpp:191), pid=23376, tid=19636
#
# JRE version: OpenJDK Runtime Environment Microsoft-10376486 (17.0.13+11) (build 17.0.13+11-LTS)
# Java VM: OpenJDK 64-Bit Server VM Microsoft-10376486 (17.0.13+11-LTS, mixed mode, sharing, tiered, compressed oops, compressed class ptrs, g1 gc, windows-amd64)
# No core dump will be written. Minidumps are not enabled by default on client versions of Windows
#

---------------  S U M M A R Y ------------

Command Line: --add-opens=java.base/java.lang=ALL-UNNAMED --add-opens=java.base/java.lang.invoke=ALL-UNNAMED --add-opens=java.base/java.util=ALL-UNNAMED --add-opens=java.prefs/java.util.prefs=ALL-UNNAMED --add-exports=jdk.compiler/com.sun.tools.javac.api=ALL-UNNAMED --add-exports=jdk.compiler/com.sun.tools.javac.util=ALL-UNNAMED --add-opens=java.base/java.util=ALL-UNNAMED --add-opens=java.prefs/java.util.prefs=ALL-UNNAMED --add-opens=java.base/java.nio.charset=ALL-UNNAMED --add-opens=java.base/java.net=ALL-UNNAMED --add-opens=java.base/java.util.concurrent=ALL-UNNAMED --add-opens=java.base/java.util.concurrent.atomic=ALL-UNNAMED --add-opens=java.xml/javax.xml.namespace=ALL-UNNAMED -XX:MaxMetaspaceSize=384m -XX:ReservedCodeCacheSize=256m -Xmx1280m -Dfile.encoding=UTF-8 -Duser.country=US -Duser.language=en -Duser.variant -javaagent:D:\Android\.gradle\wrapper\dists\gradle-9.0.0-bin\d6wjpkvcgsg3oed0qlfss3wgl\gradle-9.0.0\lib\agents\gradle-instrumentation-agent-9.0.0.jar org.gradle.launcher.daemon.bootstrap.GradleDaemon 9.0.0

Host: Intel(R) Core(TM) i5-7300U CPU @ 2.60GHz, 4 cores, 7G,  Windows 11 , 64 bit Build 22621 (10.0.22621.4830)
Time: Tue Aug 25 17:08:06 2026 Pakistan Standard Time elapsed time: 2000.581738 seconds (0d 0h 33m 20s)

---------------  T H R E A D  ---------------

Current thread (0x000001f9f7fe34d0):  JavaThread "C2 CompilerThread0" daemon [_thread_in_native, id=19636, stack(0x0000007730600000,0x0000007730700000)]


Current CompileTask:
C2:2000582 58087 %     4       com.android.tools.r8.internal.rT::b @ 924 (2119 bytes)

Stack: [0x0000007730600000,0x0000007730700000]
Native frames: (J=compiled Java code, j=interpreted, Vv=VM code, C=native code)
V  [jvm.dll+0x687fc9]
V  [jvm.dll+0x83eeb8]
V  [jvm.dll+0x840963]
V  [jvm.dll+0x840fd3]
V  [jvm.dll+0x24951f]
V  [jvm.dll+0xad0c4]
V  [jvm.dll+0xad75c]
V  [jvm.dll+0x2b0c2f]
V  [jvm.dll+0x58e059]
V  [jvm.dll+0x2237a2]
V  [jvm.dll+0x21c359]
V  [jvm.dll+0x219a7b]
V  [jvm.dll+0x1a5506]
V  [jvm.dll+0x22a1ca]
V  [jvm.dll+0x22830b]
V  [jvm.dll+0x7f4708]
V  [jvm.dll+0x7eea6c]
V  [jvm.dll+0x686ea7]
C  [ucrtbase.dll+0x29333]
C  [KERNEL32.DLL+0x1259d]
C  [ntdll.dll+0x5af38]


---------------  P R O C E S S  ---------------

Threads class SMR info:
_java_thread_list=0x000001f9a86ea460, length=66, elements={
0x000001f9db07f6f0, 0x000001f9f7fc9470, 0x000001f9f7fc9f40, 0x000001f9f7fdb180,
0x000001f9f7fdbb50, 0x000001f9f7fdd430, 0x000001f9f7fddd00, 0x000001f9f7fe34d0,
0x000001f9f7fe4df0, 0x000001f9f7fe7710, 0x000001f9f7fabed0, 0x000001f9f81a55f0,
0x000001f9fd46c860, 0x000001f9fd20ffc0, 0x000001f9fd243c50, 0x000001f9fd066740,
0x000001f9fd4ef030, 0x000001f9f7fd6ef0, 0x000001f9f7fd64d0, 0x000001f9f7fd4b80,
0x000001f9f7fd5090, 0x000001f9f7fd69e0, 0x000001f9f7fd5ab0, 0x000001f9f7fd7910,
0x000001f9f86b2670, 0x000001f9f86b1740, 0x000001f9f86b2b80, 0x000001f9f86b1c50,
0x000001f9f86b0d20, 0x000001f9f86b1230, 0x000001f9f86b3090, 0x000001f9fec2aac0,
0x000001f9fec28c60, 0x000001f9fec29680, 0x000001f9fec29170, 0x000001f9fec27d30,
0x000001f9fec29b90, 0x000001f9fec27310, 0x000001f9fec2a0a0, 0x000001f9956d1a80,
0x000001f9956d5c50, 0x000001f9956d7ab0, 0x000001f9956d2ec0, 0x000001f9956d3df0,
0x000001f9956d75a0, 0x000001f9956d4300, 0x000001f9956d4810, 0x000001f9956d84d0,
0x000001f9956d1060, 0x000001f9956d89e0, 0x000001f9fddc9d70, 0x000001f9fddca280,
0x000001f9fddca790, 0x000001f9a01cd2d0, 0x000001f9a01d14a0, 0x000001f9a01cfb50,
0x000001f99ec9ba80, 0x000001f99ec9c9b0, 0x000001f99ec9c4a0, 0x000001f99ec9ddf0,
0x000001f99ec9bf90, 0x000001f9a01cdcf0, 0x000001f9a10c7630, 0x000001f9a10c7b40,
0x000001f9a10c6700, 0x000001f9a10c2a40
}

Java Threads: ( => current thread )
  0x000001f9db07f6f0 JavaThread "main" [_thread_blocked, id=12864, stack(0x000000772f900000,0x000000772fa00000)]
  0x000001f9f7fc9470 JavaThread "Reference Handler" daemon [_thread_blocked, id=6776, stack(0x0000007730000000,0x0000007730100000)]
  0x000001f9f7fc9f40 JavaThread "Finalizer" daemon [_thread_blocked, id=17868, stack(0x0000007730100000,0x0000007730200000)]
  0x000001f9f7fdb180 JavaThread "Signal Dispatcher" daemon [_thread_blocked, id=20360, stack(0x0000007730200000,0x0000007730300000)]
  0x000001f9f7fdbb50 JavaThread "Attach Listener" daemon [_thread_blocked, id=14224, stack(0x0000007730300000,0x0000007730400000)]
  0x000001f9f7fdd430 JavaThread "Service Thread" daemon [_thread_blocked, id=2876, stack(0x0000007730400000,0x0000007730500000)]
  0x000001f9f7fddd00 JavaThread "Monitor Deflation Thread" daemon [_thread_blocked, id=10344, stack(0x0000007730500000,0x0000007730600000)]
=>0x000001f9f7fe34d0 JavaThread "C2 CompilerThread0" daemon [_thread_in_native, id=19636, stack(0x0000007730600000,0x0000007730700000)]
  0x000001f9f7fe4df0 JavaThread "C1 CompilerThread0" daemon [_thread_blocked, id=10916, stack(0x0000007730700000,0x0000007730800000)]
  0x000001f9f7fe7710 JavaThread "Sweeper thread" daemon [_thread_blocked, id=19692, stack(0x0000007730800000,0x0000007730900000)]
  0x000001f9f7fabed0 JavaThread "Common-Cleaner" daemon [_thread_blocked, id=12380, stack(0x0000007730900000,0x0000007730a00000)]
  0x000001f9f81a55f0 JavaThread "Notification Thread" daemon [_thread_blocked, id=6584, stack(0x0000007730a00000,0x0000007730b00000)]
  0x000001f9fd46c860 JavaThread "Daemon health stats" [_thread_blocked, id=16644, stack(0x0000007730c00000,0x0000007730d00000)]
  0x000001f9fd20ffc0 JavaThread "Incoming local TCP Connector on port 50210" [_thread_in_native, id=12068, stack(0x0000007731000000,0x0000007731100000)]
  0x000001f9fd243c50 JavaThread "Daemon periodic checks" [_thread_blocked, id=8928, stack(0x0000007731100000,0x0000007731200000)]
  0x000001f9fd066740 JavaThread "Daemon" [_thread_blocked, id=14204, stack(0x0000007731200000,0x0000007731300000)]
  0x000001f9fd4ef030 JavaThread "Handler for socket connection from /127.0.0.1:50210 to /127.0.0.1:50211" [_thread_in_native, id=21024, stack(0x0000007731300000,0x0000007731400000)]
  0x000001f9f7fd6ef0 JavaThread "Cancel handler" [_thread_blocked, id=6404, stack(0x0000007731400000,0x0000007731500000)]
  0x000001f9f7fd64d0 JavaThread "Daemon worker" [_thread_blocked, id=19940, stack(0x0000007731500000,0x0000007731600000)]
  0x000001f9f7fd4b80 JavaThread "Asynchronous log dispatcher for DefaultDaemonConnection: socket connection from /127.0.0.1:50210 to /127.0.0.1:50211" [_thread_blocked, id=17192, stack(0x0000007731600000,0x0000007731700000)]
  0x000001f9f7fd5090 JavaThread "Stdin handler" [_thread_blocked, id=7060, stack(0x0000007731700000,0x0000007731800000)]
  0x000001f9f7fd69e0 JavaThread "Daemon client event forwarder" [_thread_blocked, id=11684, stack(0x0000007731800000,0x0000007731900000)]
  0x000001f9f7fd5ab0 JavaThread "Cache worker for journal cache (D:\Android\.gradle\caches\journal-1)" [_thread_blocked, id=20072, stack(0x0000007731900000,0x0000007731a00000)]
  0x000001f9f7fd7910 JavaThread "File lock request listener" [_thread_in_native, id=20128, stack(0x0000007731a00000,0x0000007731b00000)]
  0x000001f9f86b2670 JavaThread "Cache worker for file hash cache (D:\Android\.gradle\caches\9.0.0\fileHashes)" [_thread_blocked, id=17924, stack(0x0000007731b00000,0x0000007731c00000)]
  0x000001f9f86b1740 JavaThread "Cache worker for file hash cache (E:\FYP\tutorlink-frontend\android\.gradle\9.0.0\fileHashes)" [_thread_blocked, id=10408, stack(0x0000007731d00000,0x0000007731e00000)]
  0x000001f9f86b2b80 JavaThread "Cache worker for Build Output Cleanup Cache (E:\FYP\tutorlink-frontend\android\.gradle\buildOutputCleanup)" [_thread_blocked, id=14080, stack(0x0000007731e00000,0x0000007731f00000)]
  0x000001f9f86b1c50 JavaThread "File watcher server" daemon [_thread_in_native, id=21608, stack(0x0000007731f00000,0x0000007732000000)]
  0x000001f9f86b0d20 JavaThread "File watcher consumer" daemon [_thread_blocked, id=14292, stack(0x0000007732000000,0x0000007732100000)]
  0x000001f9f86b1230 JavaThread "Cache worker for checksums cache (E:\FYP\tutorlink-frontend\android\.gradle\9.0.0\checksums)" [_thread_blocked, id=2528, stack(0x0000007731c00000,0x0000007731d00000)]
  0x000001f9f86b3090 JavaThread "Cache worker for file content cache (D:\Android\.gradle\caches\9.0.0\fileContent)" [_thread_blocked, id=14604, stack(0x0000007732100000,0x0000007732200000)]
  0x000001f9fec2aac0 JavaThread "Cache worker for cache directory md-supplier (D:\Android\.gradle\caches\9.0.0\md-supplier)" [_thread_blocked, id=9080, stack(0x0000007732400000,0x0000007732500000)]
  0x000001f9fec28c60 JavaThread "Cache worker for cache directory md-rule (D:\Android\.gradle\caches\9.0.0\md-rule)" [_thread_blocked, id=20036, stack(0x0000007732500000,0x0000007732600000)]
  0x000001f9fec29680 JavaThread "jar transforms" [_thread_blocked, id=8496, stack(0x0000007732700000,0x0000007732800000)]
  0x000001f9fec29170 JavaThread "Cache worker for Build Output Cleanup Cache (E:\FYP\tutorlink-frontend\node_modules\@react-native\gradle-plugin\.gradle\buildOutputCleanup)" [_thread_blocked, id=11896, stack(0x0000007732800000,0x0000007732900000)]
  0x000001f9fec27d30 JavaThread "Unconstrained build operations" [_thread_blocked, id=15968, stack(0x0000007732300000,0x0000007732400000)]
  0x000001f9fec29b90 JavaThread "Unconstrained build operations Thread 2" [_thread_blocked, id=22636, stack(0x0000007732900000,0x0000007732a00000)]
  0x000001f9fec27310 JavaThread "Unconstrained build operations Thread 3" [_thread_blocked, id=6208, stack(0x0000007732a00000,0x0000007732b00000)]
  0x000001f9fec2a0a0 JavaThread "Unconstrained build operations Thread 4" [_thread_blocked, id=9176, stack(0x0000007732b00000,0x0000007732c00000)]
  0x000001f9956d1a80 JavaThread "Unconstrained build operations Thread 5" [_thread_blocked, id=17092, stack(0x0000007732c00000,0x0000007732d00000)]
  0x000001f9956d5c50 JavaThread "Unconstrained build operations Thread 6" [_thread_blocked, id=23228, stack(0x0000007732d00000,0x0000007732e00000)]
  0x000001f9956d7ab0 JavaThread "build event listener" [_thread_blocked, id=24120, stack(0x0000007733000000,0x0000007733100000)]
  0x000001f9956d2ec0 JavaThread "Memory manager" [_thread_blocked, id=4816, stack(0x0000007733100000,0x0000007733200000)]
  0x000001f9956d3df0 JavaThread "Cache worker for execution history cache (E:\FYP\tutorlink-frontend\node_modules\@react-native\gradle-plugin\.gradle\9.0.0\executionHistory)" [_thread_blocked, id=22876, stack(0x0000007733700000,0x0000007733800000)]
  0x000001f9956d75a0 JavaThread "Unconstrained build operations Thread 7" [_thread_blocked, id=22804, stack(0x0000007733200000,0x0000007733300000)]
  0x000001f9956d4300 JavaThread "Unconstrained build operations Thread 8" [_thread_blocked, id=23348, stack(0x0000007733800000,0x0000007733900000)]
  0x000001f9956d4810 JavaThread "Unconstrained build operations Thread 9" [_thread_blocked, id=11432, stack(0x0000007733900000,0x0000007733a00000)]
  0x000001f9956d84d0 JavaThread "Unconstrained build operations Thread 10" [_thread_blocked, id=23476, stack(0x0000007733a00000,0x0000007733b00000)]
  0x000001f9956d1060 JavaThread "jar transforms Thread 2" [_thread_blocked, id=11036, stack(0x0000007733b00000,0x0000007733c00000)]
  0x000001f9956d89e0 JavaThread "jar transforms Thread 3" [_thread_blocked, id=24084, stack(0x0000007733c00000,0x0000007733d00000)]
  0x000001f9fddc9d70 JavaThread "jar transforms Thread 4" [_thread_blocked, id=24536, stack(0x000000772f600000,0x000000772f700000)]
  0x000001f9fddca280 JavaThread "Problems report writer" [_thread_blocked, id=23400, stack(0x000000772f700000,0x000000772f800000)]
  0x000001f9fddca790 JavaThread "build event listener" [_thread_blocked, id=8304, stack(0x000000772f800000,0x000000772f900000)]
  0x000001f9a01cd2d0 JavaThread "included builds Thread 2" [_thread_blocked, id=6324, stack(0x0000007732e00000,0x0000007732f00000)]
  0x000001f9a01d14a0 JavaThread "Cache worker for execution history cache (E:\FYP\tutorlink-frontend\android\.gradle\9.0.0\executionHistory)" [_thread_blocked, id=21308, stack(0x0000007733500000,0x0000007733600000)]
  0x000001f9a01cfb50 JavaThread "WorkerExecutor Queue" [_thread_blocked, id=21040, stack(0x0000007734100000,0x0000007734200000)]
  0x000001f99ec9ba80 JavaThread "RMI Scheduler(0)" daemon [_thread_blocked, id=23592, stack(0x0000007733600000,0x0000007733700000)]
  0x000001f99ec9c9b0 JavaThread "RMI GC Daemon" daemon [_thread_blocked, id=24376, stack(0x0000007733e00000,0x0000007733f00000)]
  0x000001f99ec9c4a0 JavaThread "RMI TCP Accept-0" daemon [_thread_in_native, id=22828, stack(0x0000007733f00000,0x0000007734000000)]
  0x000001f99ec9ddf0 JavaThread "RMI Reaper" [_thread_blocked, id=11888, stack(0x0000007734000000,0x0000007734100000)]
  0x000001f99ec9bf90 JavaThread "Cache worker for Java compile cache (D:\Android\.gradle\caches\9.0.0\javaCompile)" [_thread_blocked, id=24472, stack(0x0000007734200000,0x0000007734300000)]
  0x000001f9a01cdcf0 JavaThread "Build operations" [_thread_blocked, id=1616, stack(0x0000007734500000,0x0000007734600000)]
  0x000001f9a10c7630 JavaThread "ForkJoinPool-1-worker-1" daemon [_thread_in_Java, id=5692, stack(0x0000007732f00000,0x0000007733000000)]
  0x000001f9a10c7b40 JavaThread "ForkJoinPool-1-worker-2" daemon [_thread_in_Java, id=18036, stack(0x0000007733300000,0x0000007733400000)]
  0x000001f9a10c6700 JavaThread "ForkJoinPool-1-worker-3" daemon [_thread_in_vm, id=19748, stack(0x0000007733400000,0x0000007733500000)]
  0x000001f9a10c2a40 JavaThread "ForkJoinPool-1-worker-4" daemon [_thread_in_vm, id=9072, stack(0x0000007734300000,0x0000007734400000)]

Other Threads:
  0x000001f9f7fbc000 VMThread "VM Thread" [stack: 0x000000772ff00000,0x0000007730000000] [id=4784]
  0x000001f9db07ffc0 WatcherThread [stack: 0x0000007730b00000,0x0000007730c00000] [id=3824]
  0x000001f9db0c4620 GCTaskThread "GC Thread#0" [stack: 0x000000772fa00000,0x000000772fb00000] [id=9676]
  0x000001f9f82a9820 GCTaskThread "GC Thread#1" [stack: 0x0000007730d00000,0x0000007730e00000] [id=13760]
  0x000001f9f83d4290 GCTaskThread "GC Thread#2" [stack: 0x0000007730e00000,0x0000007730f00000] [id=7752]
  0x000001f9fd1e5e40 GCTaskThread "GC Thread#3" [stack: 0x0000007730f00000,0x0000007731000000] [id=3296]
  0x000001f9db0d0330 ConcurrentGCThread "G1 Main Marker" [stack: 0x000000772fb00000,0x000000772fc00000] [id=18096]
  0x000001f9db0d12a0 ConcurrentGCThread "G1 Conc#0" [stack: 0x000000772fc00000,0x000000772fd00000] [id=14044]
  0x000001f9db125550 ConcurrentGCThread "G1 Refine#0" [stack: 0x000000772fd00000,0x000000772fe00000] [id=5676]
  0x000001f9fd23ed20 ConcurrentGCThread "G1 Refine#1" [stack: 0x0000007732200000,0x0000007732300000] [id=17756]
  0x000001f99564a070 ConcurrentGCThread "G1 Refine#2" [stack: 0x0000007732600000,0x0000007732700000] [id=23776]
  0x000001f99d80db10 ConcurrentGCThread "G1 Refine#3" [stack: 0x0000007733d00000,0x0000007733e00000] [id=19224]
  0x000001f9db125d30 ConcurrentGCThread "G1 Service" [stack: 0x000000772fe00000,0x000000772ff00000] [id=2740]

Threads with active compile tasks:
C2 CompilerThread0  2000712 58087 %     4       com.android.tools.r8.internal.rT::b @ 924 (2119 bytes)

VM state: not at safepoint (normal execution)

VM Mutex/Monitor currently owned by a thread: None

Heap address: 0x00000000b0000000, size: 1280 MB, Compressed Oops mode: 32-bit

CDS archive(s) mapped at: [0x000001f980000000-0x000001f980bb0000-0x000001f980bb0000), size 12255232, SharedBaseAddress: 0x000001f980000000, ArchiveRelocationMode: 1.
Compressed class space mapped at: 0x000001f981000000-0x000001f995000000, reserved size: 335544320
Narrow klass base: 0x000001f980000000, Narrow klass shift: 0, Narrow klass range: 0x100000000

GC Precious Log:
 CPUs: 4 total, 4 available
 Memory: 8035M
 Large Page Support: Disabled
 NUMA Support: Disabled
 Compressed Oops: Enabled (32-bit)
 Heap Region Size: 1M
 Heap Min Capacity: 8M
 Heap Initial Capacity: 126M
 Heap Max Capacity: 1280M
 Pre-touch: Disabled
 Parallel Workers: 4
 Concurrent Workers: 1
 Concurrent Refinement Workers: 4
 Periodic GC: Disabled

Heap:
 garbage-first heap   total 1310720K, used 909573K [0x00000000b0000000, 0x0000000100000000)
  region size 1024K, 182 young (186368K), 15 survivors (15360K)
 Metaspace       used 194592K, committed 196736K, reserved 524288K
  class space    used 25981K, committed 26944K, reserved 327680K

Heap Regions: E=young(eden), S=young(survivor), O=old, HS=humongous(starts), HC=humongous(continues), CS=collection set, F=free, OA=open archive, CA=closed archive, TAMS=top-at-mark-start (previous, next)
|   0|0x00000000b0000000, 0x00000000b0100000, 0x00000000b0100000|100%|HS|  |TAMS 0x00000000b0100000, 0x00000000b0000000| Complete 
|   1|0x00000000b0100000, 0x00000000b0200000, 0x00000000b0200000|100%|HC|  |TAMS 0x00000000b0200000, 0x00000000b0100000| Complete 
|   2|0x00000000b0200000, 0x00000000b0300000, 0x00000000b0300000|100%|HC|  |TAMS 0x00000000b0300000, 0x00000000b0200000| Complete 
|   3|0x00000000b0300000, 0x00000000b0400000, 0x00000000b0400000|100%| O|  |TAMS 0x00000000b0400000, 0x00000000b0300000| Untracked 
|   4|0x00000000b0400000, 0x00000000b0500000, 0x00000000b0500000|100%| O|  |TAMS 0x00000000b0500000, 0x00000000b0400000| Untracked 
|   5|0x00000000b0500000, 0x00000000b0600000, 0x00000000b0600000|100%| O|  |TAMS 0x00000000b0600000, 0x00000000b0500000| Untracked 
|   6|0x00000000b0600000, 0x00000000b06fffe0, 0x00000000b0700000| 99%| O|  |TAMS 0x00000000b06fffe0, 0x00000000b0600000| Untracked 
|   7|0x00000000b0700000, 0x00000000b0800000, 0x00000000b0800000|100%|HS|  |TAMS 0x00000000b0800000, 0x00000000b0700000| Complete 
|   8|0x00000000b0800000, 0x00000000b08ffff8, 0x00000000b0900000| 99%| O|  |TAMS 0x00000000b08ffff8, 0x00000000b0800000| Untracked 
|   9|0x00000000b0900000, 0x00000000b0a00000, 0x00000000b0a00000|100%| O|  |TAMS 0x00000000b0a00000, 0x00000000b0900000| Untracked 
|  10|0x00000000b0a00000, 0x00000000b0b00000, 0x00000000b0b00000|100%| O|  |TAMS 0x00000000b0b00000, 0x00000000b0a00000| Untracked 
|  11|0x00000000b0b00000, 0x00000000b0c00000, 0x00000000b0c00000|100%| O|  |TAMS 0x00000000b0c00000, 0x00000000b0b00000| Untracked 
|  12|0x00000000b0c00000, 0x00000000b0cfffd8, 0x00000000b0d00000| 99%| O|  |TAMS 0x00000000b0cfffd8, 0x00000000b0c00000| Untracked 
|  13|0x00000000b0d00000, 0x00000000b0e00000, 0x00000000b0e00000|100%| O|  |TAMS 0x00000000b0e00000, 0x00000000b0d00000| Untracked 
|  14|0x00000000b0e00000, 0x00000000b0f00000, 0x00000000b0f00000|100%| O|  |TAMS 0x00000000b0f00000, 0x00000000b0e00000| Untracked 
|  15|0x00000000b0f00000, 0x00000000b0fffff0, 0x00000000b1000000| 99%| O|  |TAMS 0x00000000b0fffff0, 0x00000000b0f00000| Untracked 
|  16|0x00000000b1000000, 0x00000000b10fffd8, 0x00000000b1100000| 99%| O|  |TAMS 0x00000000b10fffd8, 0x00000000b1000000| Untracked 
|  17|0x00000000b1100000, 0x00000000b11fff58, 0x00000000b1200000| 99%| O|  |TAMS 0x00000000b11fff58, 0x00000000b1100000| Untracked 
|  18|0x00000000b1200000, 0x00000000b12ffff8, 0x00000000b1300000| 99%| O|  |TAMS 0x00000000b12ffff8, 0x00000000b1200000| Untracked 
|  19|0x00000000b1300000, 0x00000000b13fffd8, 0x00000000b1400000| 99%| O|  |TAMS 0x00000000b13fffd8, 0x00000000b1300000| Untracked 
|  20|0x00000000b1400000, 0x00000000b14fffd8, 0x00000000b1500000| 99%| O|  |TAMS 0x00000000b14fffd8, 0x00000000b1400000| Untracked 
|  21|0x00000000b1500000, 0x00000000b15fffe0, 0x00000000b1600000| 99%| O|  |TAMS 0x00000000b15fffe0, 0x00000000b1500000| Untracked 
|  22|0x00000000b1600000, 0x00000000b1700000, 0x00000000b1700000|100%| O|  |TAMS 0x00000000b1700000, 0x00000000b1600000| Untracked 
|  23|0x00000000b1700000, 0x00000000b17fffe8, 0x00000000b1800000| 99%| O|  |TAMS 0x00000000b17fffe8, 0x00000000b1700000| Untracked 
|  24|0x00000000b1800000, 0x00000000b18fffe8, 0x00000000b1900000| 99%| O|  |TAMS 0x00000000b18fffe8, 0x00000000b1800000| Untracked 
|  25|0x00000000b1900000, 0x00000000b19fffb8, 0x00000000b1a00000| 99%| O|  |TAMS 0x00000000b19fffb8, 0x00000000b1900000| Untracked 
|  26|0x00000000b1a00000, 0x00000000b1afffe8, 0x00000000b1b00000| 99%| O|  |TAMS 0x00000000b1afffe8, 0x00000000b1a00000| Untracked 
|  27|0x00000000b1b00000, 0x00000000b1bffff8, 0x00000000b1c00000| 99%| O|  |TAMS 0x00000000b1bffff8, 0x00000000b1b00000| Updating 
|  28|0x00000000b1c00000, 0x00000000b1d00000, 0x00000000b1d00000|100%| O|  |TAMS 0x00000000b1d00000, 0x00000000b1c00000| Untracked 
|  29|0x00000000b1d00000, 0x00000000b1e00000, 0x00000000b1e00000|100%| O|  |TAMS 0x00000000b1e00000, 0x00000000b1d00000| Untracked 
|  30|0x00000000b1e00000, 0x00000000b1effff8, 0x00000000b1f00000| 99%| O|  |TAMS 0x00000000b1effff8, 0x00000000b1e00000| Untracked 
|  31|0x00000000b1f00000, 0x00000000b2000000, 0x00000000b2000000|100%| O|  |TAMS 0x00000000b2000000, 0x00000000b1f00000| Untracked 
|  32|0x00000000b2000000, 0x00000000b20fffc0, 0x00000000b2100000| 99%| O|  |TAMS 0x00000000b20fffc0, 0x00000000b2000000| Untracked 
|  33|0x00000000b2100000, 0x00000000b21ffff8, 0x00000000b2200000| 99%| O|  |TAMS 0x00000000b21ffff8, 0x00000000b2100000| Untracked 
|  34|0x00000000b2200000, 0x00000000b22ffe60, 0x00000000b2300000| 99%| O|  |TAMS 0x00000000b22ffe60, 0x00000000b2200000| Updating 
|  35|0x00000000b2300000, 0x00000000b23ffff0, 0x00000000b2400000| 99%| O|  |TAMS 0x00000000b23ffff0, 0x00000000b2300000| Untracked 
|  36|0x00000000b2400000, 0x00000000b24f5310, 0x00000000b2500000| 95%| O|  |TAMS 0x00000000b24f5310, 0x00000000b2400000| Untracked 
|  37|0x00000000b2500000, 0x00000000b2600000, 0x00000000b2600000|100%| O|  |TAMS 0x00000000b2600000, 0x00000000b2500000| Updating 
|  38|0x00000000b2600000, 0x00000000b26ffff8, 0x00000000b2700000| 99%| O|  |TAMS 0x00000000b26ffff8, 0x00000000b2600000| Untracked 
|  39|0x00000000b2700000, 0x00000000b2800000, 0x00000000b2800000|100%| O|  |TAMS 0x00000000b2800000, 0x00000000b2700000| Untracked 
|  40|0x00000000b2800000, 0x00000000b28fffe8, 0x00000000b2900000| 99%| O|  |TAMS 0x00000000b28fffe8, 0x00000000b2800000| Untracked 
|  41|0x00000000b2900000, 0x00000000b29fffb8, 0x00000000b2a00000| 99%| O|  |TAMS 0x00000000b29fffb8, 0x00000000b2900000| Updating 
|  42|0x00000000b2a00000, 0x00000000b2b00000, 0x00000000b2b00000|100%|HS|  |TAMS 0x00000000b2b00000, 0x00000000b2a00000| Complete 
|  43|0x00000000b2b00000, 0x00000000b2c00000, 0x00000000b2c00000|100%|HC|  |TAMS 0x00000000b2c00000, 0x00000000b2b00000| Complete 
|  44|0x00000000b2c00000, 0x00000000b2d00000, 0x00000000b2d00000|100%|HC|  |TAMS 0x00000000b2d00000, 0x00000000b2c00000| Complete 
|  45|0x00000000b2d00000, 0x00000000b2e00000, 0x00000000b2e00000|100%|HS|  |TAMS 0x00000000b2e00000, 0x00000000b2d00000| Complete 
|  46|0x00000000b2e00000, 0x00000000b2f00000, 0x00000000b2f00000|100%|HC|  |TAMS 0x00000000b2f00000, 0x00000000b2e00000| Complete 
|  47|0x00000000b2f00000, 0x00000000b3000000, 0x00000000b3000000|100%|HC|  |TAMS 0x00000000b3000000, 0x00000000b2f00000| Complete 
|  48|0x00000000b3000000, 0x00000000b3100000, 0x00000000b3100000|100%| O|  |TAMS 0x00000000b3100000, 0x00000000b3000000| Updating 
|  49|0x00000000b3100000, 0x00000000b31ffff0, 0x00000000b3200000| 99%| O|  |TAMS 0x00000000b31ffff0, 0x00000000b3100000| Untracked 
|  50|0x00000000b3200000, 0x00000000b32ff938, 0x00000000b3300000| 99%| O|  |TAMS 0x00000000b32ff938, 0x00000000b3200000| Untracked 
|  51|0x00000000b3300000, 0x00000000b33fffc0, 0x00000000b3400000| 99%| O|  |TAMS 0x00000000b33fffc0, 0x00000000b3300000| Updating 
|  52|0x00000000b3400000, 0x00000000b34fffe8, 0x00000000b3500000| 99%| O|  |TAMS 0x00000000b34fffe8, 0x00000000b3400000| Updating 
|  53|0x00000000b3500000, 0x00000000b3600000, 0x00000000b3600000|100%| O|  |TAMS 0x00000000b3600000, 0x00000000b3500000| Untracked 
|  54|0x00000000b3600000, 0x00000000b3700000, 0x00000000b3700000|100%| O|  |TAMS 0x00000000b3700000, 0x00000000b3600000| Untracked 
|  55|0x00000000b3700000, 0x00000000b37ffff8, 0x00000000b3800000| 99%| O|  |TAMS 0x00000000b37ffff8, 0x00000000b3700000| Untracked 
|  56|0x00000000b3800000, 0x00000000b3900000, 0x00000000b3900000|100%|HS|  |TAMS 0x00000000b3900000, 0x00000000b3800000| Complete 
|  57|0x00000000b3900000, 0x00000000b39fffe8, 0x00000000b3a00000| 99%| O|  |TAMS 0x00000000b39fffe8, 0x00000000b3900000| Untracked 
|  58|0x00000000b3a00000, 0x00000000b3b00000, 0x00000000b3b00000|100%| O|  |TAMS 0x00000000b3b00000, 0x00000000b3a00000| Updating 
|  59|0x00000000b3b00000, 0x00000000b3c00000, 0x00000000b3c00000|100%|HS|  |TAMS 0x00000000b3c00000, 0x00000000b3b00000| Complete 
|  60|0x00000000b3c00000, 0x00000000b3cfff50, 0x00000000b3d00000| 99%| O|  |TAMS 0x00000000b3cfff50, 0x00000000b3c00000| Updating 
|  61|0x00000000b3d00000, 0x00000000b3e00000, 0x00000000b3e00000|100%|HS|  |TAMS 0x00000000b3e00000, 0x00000000b3d00000| Complete 
|  62|0x00000000b3e00000, 0x00000000b3f00000, 0x00000000b3f00000|100%|HS|  |TAMS 0x00000000b3f00000, 0x00000000b3e00000| Complete 
|  63|0x00000000b3f00000, 0x00000000b3fffff8, 0x00000000b4000000| 99%| O|  |TAMS 0x00000000b3fffff8, 0x00000000b3f00000| Updating 
|  64|0x00000000b4000000, 0x00000000b4100000, 0x00000000b4100000|100%| O|  |TAMS 0x00000000b4100000, 0x00000000b4000000| Untracked 
|  65|0x00000000b4100000, 0x00000000b41fffa8, 0x00000000b4200000| 99%| O|  |TAMS 0x00000000b41fffa8, 0x00000000b4100000| Untracked 
|  66|0x00000000b4200000, 0x00000000b42ffff0, 0x00000000b4300000| 99%| O|  |TAMS 0x00000000b42ffff0, 0x00000000b4200000| Untracked 
|  67|0x00000000b4300000, 0x00000000b4400000, 0x00000000b4400000|100%| O|  |TAMS 0x00000000b4400000, 0x00000000b4300000| Updating 
|  68|0x00000000b4400000, 0x00000000b44ffeb8, 0x00000000b4500000| 99%| O|  |TAMS 0x00000000b44ffeb8, 0x00000000b4400000| Untracked 
|  69|0x00000000b4500000, 0x00000000b45fff68, 0x00000000b4600000| 99%| O|  |TAMS 0x00000000b45fff68, 0x00000000b4500000| Updating 
|  70|0x00000000b4600000, 0x00000000b46ffff0, 0x00000000b4700000| 99%| O|  |TAMS 0x00000000b46ffff0, 0x00000000b4600000| Untracked 
|  71|0x00000000b4700000, 0x00000000b47fb5f8, 0x00000000b4800000| 98%| O|  |TAMS 0x00000000b47fb5f8, 0x00000000b4700000| Updating 
|  72|0x00000000b4800000, 0x00000000b48ffff0, 0x00000000b4900000| 99%| O|  |TAMS 0x00000000b48ffff0, 0x00000000b4800000| Untracked 
|  73|0x00000000b4900000, 0x00000000b4a00000, 0x00000000b4a00000|100%| O|  |TAMS 0x00000000b4a00000, 0x00000000b4900000| Untracked 
|  74|0x00000000b4a00000, 0x00000000b4affff8, 0x00000000b4b00000| 99%| O|  |TAMS 0x00000000b4affff8, 0x00000000b4a00000| Updating 
|  75|0x00000000b4b00000, 0x00000000b4c00000, 0x00000000b4c00000|100%| O|  |TAMS 0x00000000b4c00000, 0x00000000b4b00000| Untracked 
|  76|0x00000000b4c00000, 0x00000000b4cfffc8, 0x00000000b4d00000| 99%| O|  |TAMS 0x00000000b4cfffc8, 0x00000000b4c00000| Updating 
|  77|0x00000000b4d00000, 0x00000000b4dffff8, 0x00000000b4e00000| 99%| O|  |TAMS 0x00000000b4dffff8, 0x00000000b4d00000| Untracked 
|  78|0x00000000b4e00000, 0x00000000b4f00000, 0x00000000b4f00000|100%| O|  |TAMS 0x00000000b4f00000, 0x00000000b4e00000| Untracked 
|  79|0x00000000b4f00000, 0x00000000b4ffffa8, 0x00000000b5000000| 99%| O|  |TAMS 0x00000000b4ffffa8, 0x00000000b4f00000| Untracked 
|  80|0x00000000b5000000, 0x00000000b50fffb0, 0x00000000b5100000| 99%| O|  |TAMS 0x00000000b50fffb0, 0x00000000b5000000| Untracked 
|  81|0x00000000b5100000, 0x00000000b5200000, 0x00000000b5200000|100%|HS|  |TAMS 0x00000000b5200000, 0x00000000b5100000| Complete 
|  82|0x00000000b5200000, 0x00000000b5300000, 0x00000000b5300000|100%|HS|  |TAMS 0x00000000b5300000, 0x00000000b5200000| Complete 
|  83|0x00000000b5300000, 0x00000000b5400000, 0x00000000b5400000|100%|HS|  |TAMS 0x00000000b5400000, 0x00000000b5300000| Complete 
|  84|0x00000000b5400000, 0x00000000b5500000, 0x00000000b5500000|100%|HS|  |TAMS 0x00000000b5500000, 0x00000000b5400000| Complete 
|  85|0x00000000b5500000, 0x00000000b5600000, 0x00000000b5600000|100%| O|  |TAMS 0x00000000b5600000, 0x00000000b5500000| Untracked 
|  86|0x00000000b5600000, 0x00000000b5700000, 0x00000000b5700000|100%|HS|  |TAMS 0x00000000b5700000, 0x00000000b5600000| Complete 
|  87|0x00000000b5700000, 0x00000000b5800000, 0x00000000b5800000|100%|HS|  |TAMS 0x00000000b5800000, 0x00000000b5700000| Complete 
|  88|0x00000000b5800000, 0x00000000b5900000, 0x00000000b5900000|100%| O|  |TAMS 0x00000000b5900000, 0x00000000b5800000| Untracked 
|  89|0x00000000b5900000, 0x00000000b5a00000, 0x00000000b5a00000|100%|HS|  |TAMS 0x00000000b5a00000, 0x00000000b5900000| Complete 
|  90|0x00000000b5a00000, 0x00000000b5b00000, 0x00000000b5b00000|100%|HS|  |TAMS 0x00000000b5b00000, 0x00000000b5a00000| Complete 
|  91|0x00000000b5b00000, 0x00000000b5bffff8, 0x00000000b5c00000| 99%| O|  |TAMS 0x00000000b5bffff8, 0x00000000b5b00000| Untracked 
|  92|0x00000000b5c00000, 0x00000000b5d00000, 0x00000000b5d00000|100%| O|  |TAMS 0x00000000b5d00000, 0x00000000b5c00000| Untracked 
|  93|0x00000000b5d00000, 0x00000000b5e00000, 0x00000000b5e00000|100%| O|  |TAMS 0x00000000b5e00000, 0x00000000b5d00000| Untracked 
|  94|0x00000000b5e00000, 0x00000000b5effff0, 0x00000000b5f00000| 99%| O|  |TAMS 0x00000000b5effff0, 0x00000000b5e00000| Untracked 
|  95|0x00000000b5f00000, 0x00000000b5ffe920, 0x00000000b6000000| 99%| O|  |TAMS 0x00000000b5ffe920, 0x00000000b5f00000| Untracked 
|  96|0x00000000b6000000, 0x00000000b6100000, 0x00000000b6100000|100%| O|  |TAMS 0x00000000b6100000, 0x00000000b6000000| Untracked 
|  97|0x00000000b6100000, 0x00000000b61fffc8, 0x00000000b6200000| 99%| O|  |TAMS 0x00000000b61fffc8, 0x00000000b6100000| Untracked 
|  98|0x00000000b6200000, 0x00000000b6300000, 0x00000000b6300000|100%| O|  |TAMS 0x00000000b6300000, 0x00000000b6200000| Untracked 
|  99|0x00000000b6300000, 0x00000000b63ffff8, 0x00000000b6400000| 99%| O|  |TAMS 0x00000000b63ffff8, 0x00000000b6300000| Untracked 
| 100|0x00000000b6400000, 0x00000000b6500000, 0x00000000b6500000|100%| O|  |TAMS 0x00000000b6500000, 0x00000000b6400000| Untracked 
| 101|0x00000000b6500000, 0x00000000b6600000, 0x00000000b6600000|100%|HS|  |TAMS 0x00000000b6600000, 0x00000000b6500000| Complete 
| 102|0x00000000b6600000, 0x00000000b6700000, 0x00000000b6700000|100%|HC|  |TAMS 0x00000000b6700000, 0x00000000b6600000| Complete 
| 103|0x00000000b6700000, 0x00000000b6800000, 0x00000000b6800000|100%|HC|  |TAMS 0x00000000b6800000, 0x00000000b6700000| Complete 
| 104|0x00000000b6800000, 0x00000000b6900000, 0x00000000b6900000|100%|HS|  |TAMS 0x00000000b6900000, 0x00000000b6800000| Complete 
| 105|0x00000000b6900000, 0x00000000b6a00000, 0x00000000b6a00000|100%| O|  |TAMS 0x00000000b6a00000, 0x00000000b6900000| Untracked 
| 106|0x00000000b6a00000, 0x00000000b6b00000, 0x00000000b6b00000|100%| O|  |TAMS 0x00000000b6b00000, 0x00000000b6a00000| Untracked 
| 107|0x00000000b6b00000, 0x00000000b6c00000, 0x00000000b6c00000|100%| O|  |TAMS 0x00000000b6c00000, 0x00000000b6b00000| Updating 
| 108|0x00000000b6c00000, 0x00000000b6d00000, 0x00000000b6d00000|100%| O|  |TAMS 0x00000000b6d00000, 0x00000000b6c00000| Updating 
| 109|0x00000000b6d00000, 0x00000000b6dffff0, 0x00000000b6e00000| 99%| O|  |TAMS 0x00000000b6dffff0, 0x00000000b6d00000| Updating 
| 110|0x00000000b6e00000, 0x00000000b6efffe8, 0x00000000b6f00000| 99%| O|  |TAMS 0x00000000b6efffe8, 0x00000000b6e00000| Untracked 
| 111|0x00000000b6f00000, 0x00000000b6fffff8, 0x00000000b7000000| 99%| O|  |TAMS 0x00000000b6fffff8, 0x00000000b6f00000| Untracked 
| 112|0x00000000b7000000, 0x00000000b7100000, 0x00000000b7100000|100%| O|  |TAMS 0x00000000b7100000, 0x00000000b7000000| Untracked 
| 113|0x00000000b7100000, 0x00000000b71ffff8, 0x00000000b7200000| 99%| O|  |TAMS 0x00000000b71ffff8, 0x00000000b7100000| Untracked 
| 114|0x00000000b7200000, 0x00000000b72fffd0, 0x00000000b7300000| 99%| O|  |TAMS 0x00000000b72fffd0, 0x00000000b7200000| Updating 
| 115|0x00000000b7300000, 0x00000000b73ffff8, 0x00000000b7400000| 99%| O|  |TAMS 0x00000000b73ffff8, 0x00000000b7300000| Untracked 
| 116|0x00000000b7400000, 0x00000000b7500000, 0x00000000b7500000|100%| O|  |TAMS 0x00000000b7500000, 0x00000000b7400000| Untracked 
| 117|0x00000000b7500000, 0x00000000b7600000, 0x00000000b7600000|100%| O|  |TAMS 0x00000000b7600000, 0x00000000b7500000| Untracked 
| 118|0x00000000b7600000, 0x00000000b76fffe0, 0x00000000b7700000| 99%| O|  |TAMS 0x00000000b76fffe0, 0x00000000b7600000| Updating 
| 119|0x00000000b7700000, 0x00000000b77fffc0, 0x00000000b7800000| 99%| O|  |TAMS 0x00000000b77fffc0, 0x00000000b7700000| Untracked 
| 120|0x00000000b7800000, 0x00000000b78fffc8, 0x00000000b7900000| 99%| O|  |TAMS 0x00000000b78fffc8, 0x00000000b7800000| Untracked 
| 121|0x00000000b7900000, 0x00000000b7a00000, 0x00000000b7a00000|100%| O|  |TAMS 0x00000000b7a00000, 0x00000000b7900000| Updating 
| 122|0x00000000b7a00000, 0x00000000b7b00000, 0x00000000b7b00000|100%| O|  |TAMS 0x00000000b7b00000, 0x00000000b7a00000| Untracked 
| 123|0x00000000b7b00000, 0x00000000b7bff998, 0x00000000b7c00000| 99%| O|  |TAMS 0x00000000b7bff998, 0x00000000b7b00000| Untracked 
| 124|0x00000000b7c00000, 0x00000000b7cffff8, 0x00000000b7d00000| 99%| O|  |TAMS 0x00000000b7cffff8, 0x00000000b7c00000| Untracked 
| 125|0x00000000b7d00000, 0x00000000b7e00000, 0x00000000b7e00000|100%| O|  |TAMS 0x00000000b7e00000, 0x00000000b7d00000| Untracked 
| 126|0x00000000b7e00000, 0x00000000b7effff0, 0x00000000b7f00000| 99%| O|  |TAMS 0x00000000b7effff0, 0x00000000b7e00000| Untracked 
| 127|0x00000000b7f00000, 0x00000000b7fffff8, 0x00000000b8000000| 99%| O|  |TAMS 0x00000000b7fffff8, 0x00000000b7f00000| Updating 
| 128|0x00000000b8000000, 0x00000000b80fffe8, 0x00000000b8100000| 99%| O|  |TAMS 0x00000000b80fffe8, 0x00000000b8000000| Untracked 
| 129|0x00000000b8100000, 0x00000000b81ffff8, 0x00000000b8200000| 99%| O|  |TAMS 0x00000000b81ffff8, 0x00000000b8100000| Untracked 
| 130|0x00000000b8200000, 0x00000000b82fffb0, 0x00000000b8300000| 99%| O|  |TAMS 0x00000000b82fffb0, 0x00000000b8200000| Untracked 
| 131|0x00000000b8300000, 0x00000000b83ffff8, 0x00000000b8400000| 99%| O|  |TAMS 0x00000000b83ffff8, 0x00000000b8300000| Untracked 
| 132|0x00000000b8400000, 0x00000000b84fffc8, 0x00000000b8500000| 99%| O|  |TAMS 0x00000000b84fffc8, 0x00000000b8400000| Updating 
| 133|0x00000000b8500000, 0x00000000b85ffff8, 0x00000000b8600000| 99%| O|  |TAMS 0x00000000b85ffff8, 0x00000000b8500000| Untracked 
| 134|0x00000000b8600000, 0x00000000b86ff8d8, 0x00000000b8700000| 99%| O|  |TAMS 0x00000000b86ff8d8, 0x00000000b8600000| Untracked 
| 135|0x00000000b8700000, 0x00000000b8800000, 0x00000000b8800000|100%| O|  |TAMS 0x00000000b8800000, 0x00000000b8700000| Updating 
| 136|0x00000000b8800000, 0x00000000b88ffff8, 0x00000000b8900000| 99%| O|  |TAMS 0x00000000b88ffff8, 0x00000000b8800000| Updating 
| 137|0x00000000b8900000, 0x00000000b8a00000, 0x00000000b8a00000|100%| O|  |TAMS 0x00000000b8a00000, 0x00000000b8900000| Untracked 
| 138|0x00000000b8a00000, 0x00000000b8afffc8, 0x00000000b8b00000| 99%| O|  |TAMS 0x00000000b8afffc8, 0x00000000b8a00000| Untracked 
| 139|0x00000000b8b00000, 0x00000000b8c00000, 0x00000000b8c00000|100%| O|  |TAMS 0x00000000b8c00000, 0x00000000b8b00000| Updating 
| 140|0x00000000b8c00000, 0x00000000b8cfffa8, 0x00000000b8d00000| 99%| O|  |TAMS 0x00000000b8cfffa8, 0x00000000b8c00000| Untracked 
| 141|0x00000000b8d00000, 0x00000000b8e00000, 0x00000000b8e00000|100%| O|  |TAMS 0x00000000b8e00000, 0x00000000b8d00000| Untracked 
| 142|0x00000000b8e00000, 0x00000000b8effff8, 0x00000000b8f00000| 99%| O|  |TAMS 0x00000000b8effff8, 0x00000000b8e00000| Untracked 
| 143|0x00000000b8f00000, 0x00000000b9000000, 0x00000000b9000000|100%| O|  |TAMS 0x00000000b9000000, 0x00000000b8f00000| Untracked 
| 144|0x00000000b9000000, 0x00000000b90ffff0, 0x00000000b9100000| 99%| O|  |TAMS 0x00000000b90ffff0, 0x00000000b9000000| Untracked 
| 145|0x00000000b9100000, 0x00000000b9200000, 0x00000000b9200000|100%| O|  |TAMS 0x00000000b9200000, 0x00000000b9100000| Untracked 
| 146|0x00000000b9200000, 0x00000000b9300000, 0x00000000b9300000|100%| O|  |TAMS 0x00000000b9300000, 0x00000000b9200000| Untracked 
| 147|0x00000000b9300000, 0x00000000b9400000, 0x00000000b9400000|100%| O|  |TAMS 0x00000000b9400000, 0x00000000b9300000| Untracked 
| 148|0x00000000b9400000, 0x00000000b9500000, 0x00000000b9500000|100%| O|  |TAMS 0x00000000b9500000, 0x00000000b9400000| Untracked 
| 149|0x00000000b9500000, 0x00000000b95fffe8, 0x00000000b9600000| 99%| O|  |TAMS 0x00000000b95fffe8, 0x00000000b9500000| Updating 
| 150|0x00000000b9600000, 0x00000000b9700000, 0x00000000b9700000|100%| O|  |TAMS 0x00000000b9700000, 0x00000000b9600000| Untracked 
| 151|0x00000000b9700000, 0x00000000b9800000, 0x00000000b9800000|100%| O|  |TAMS 0x00000000b9800000, 0x00000000b9700000| Untracked 
| 152|0x00000000b9800000, 0x00000000b9900000, 0x00000000b9900000|100%| O|  |TAMS 0x00000000b9900000, 0x00000000b9800000| Untracked 
| 153|0x00000000b9900000, 0x00000000b9a00000, 0x00000000b9a00000|100%| O|  |TAMS 0x00000000b9a00000, 0x00000000b9900000| Untracked 
| 154|0x00000000b9a00000, 0x00000000b9b00000, 0x00000000b9b00000|100%| O|  |TAMS 0x00000000b9b00000, 0x00000000b9a00000| Updating 
| 155|0x00000000b9b00000, 0x00000000b9bfffe8, 0x00000000b9c00000| 99%| O|  |TAMS 0x00000000b9bfffe8, 0x00000000b9b00000| Untracked 
| 156|0x00000000b9c00000, 0x00000000b9d00000, 0x00000000b9d00000|100%| O|  |TAMS 0x00000000b9d00000, 0x00000000b9c00000| Updating 
| 157|0x00000000b9d00000, 0x00000000b9dfffe8, 0x00000000b9e00000| 99%| O|  |TAMS 0x00000000b9dfffe8, 0x00000000b9d00000| Untracked 
| 158|0x00000000b9e00000, 0x00000000b9f00000, 0x00000000b9f00000|100%| O|  |TAMS 0x00000000b9f00000, 0x00000000b9e00000| Untracked 
| 159|0x00000000b9f00000, 0x00000000ba000000, 0x00000000ba000000|100%|HS|  |TAMS 0x00000000ba000000, 0x00000000b9f00000| Complete 
| 160|0x00000000ba000000, 0x00000000ba100000, 0x00000000ba100000|100%|HS|  |TAMS 0x00000000ba100000, 0x00000000ba000000| Complete 
| 161|0x00000000ba100000, 0x00000000ba200000, 0x00000000ba200000|100%|HS|  |TAMS 0x00000000ba200000, 0x00000000ba100000| Complete 
| 162|0x00000000ba200000, 0x00000000ba300000, 0x00000000ba300000|100%|HC|  |TAMS 0x00000000ba300000, 0x00000000ba200000| Complete 
| 163|0x00000000ba300000, 0x00000000ba3fffe0, 0x00000000ba400000| 99%| O|  |TAMS 0x00000000ba3fffe0, 0x00000000ba300000| Untracked 
| 164|0x00000000ba400000, 0x00000000ba4fffe8, 0x00000000ba500000| 99%| O|  |TAMS 0x00000000ba4fffe8, 0x00000000ba400000| Untracked 
| 165|0x00000000ba500000, 0x00000000ba5fffc8, 0x00000000ba600000| 99%| O|  |TAMS 0x00000000ba5fffc8, 0x00000000ba500000| Untracked 
| 166|0x00000000ba600000, 0x00000000ba700000, 0x00000000ba700000|100%| O|  |TAMS 0x00000000ba700000, 0x00000000ba600000| Untracked 
| 167|0x00000000ba700000, 0x00000000ba7ffff0, 0x00000000ba800000| 99%| O|  |TAMS 0x00000000ba7ffff0, 0x00000000ba700000| Untracked 
| 168|0x00000000ba800000, 0x00000000ba900000, 0x00000000ba900000|100%| O|  |TAMS 0x00000000ba900000, 0x00000000ba800000| Untracked 
| 169|0x00000000ba900000, 0x00000000ba9f9740, 0x00000000baa00000| 97%| O|  |TAMS 0x00000000ba9f9740, 0x00000000ba900000| Untracked 
| 170|0x00000000baa00000, 0x00000000bab00000, 0x00000000bab00000|100%| O|  |TAMS 0x00000000bab00000, 0x00000000baa00000| Untracked 
| 171|0x00000000bab00000, 0x00000000babffff8, 0x00000000bac00000| 99%| O|  |TAMS 0x00000000babffff8, 0x00000000bab00000| Updating 
| 172|0x00000000bac00000, 0x00000000bad00000, 0x00000000bad00000|100%| O|  |TAMS 0x00000000bad00000, 0x00000000bac00000| Updating 
| 173|0x00000000bad00000, 0x00000000badffff8, 0x00000000bae00000| 99%| O|  |TAMS 0x00000000badffff8, 0x00000000bad00000| Untracked 
| 174|0x00000000bae00000, 0x00000000baefffe8, 0x00000000baf00000| 99%| O|  |TAMS 0x00000000baefffe8, 0x00000000bae00000| Untracked 
| 175|0x00000000baf00000, 0x00000000bafffff0, 0x00000000bb000000| 99%| O|  |TAMS 0x00000000bafffff0, 0x00000000baf00000| Untracked 
| 176|0x00000000bb000000, 0x00000000bb100000, 0x00000000bb100000|100%| O|  |TAMS 0x00000000bb100000, 0x00000000bb000000| Untracked 
| 177|0x00000000bb100000, 0x00000000bb1ffff0, 0x00000000bb200000| 99%| O|  |TAMS 0x00000000bb1ffff0, 0x00000000bb100000| Untracked 
| 178|0x00000000bb200000, 0x00000000bb300000, 0x00000000bb300000|100%|HS|  |TAMS 0x00000000bb300000, 0x00000000bb200000| Complete 
| 179|0x00000000bb300000, 0x00000000bb400000, 0x00000000bb400000|100%|HS|  |TAMS 0x00000000bb400000, 0x00000000bb300000| Complete 
| 180|0x00000000bb400000, 0x00000000bb500000, 0x00000000bb500000|100%| O|  |TAMS 0x00000000bb500000, 0x00000000bb400000| Updating 
| 181|0x00000000bb500000, 0x00000000bb5fffd0, 0x00000000bb600000| 99%| O|  |TAMS 0x00000000bb5fffd0, 0x00000000bb500000| Untracked 
| 182|0x00000000bb600000, 0x00000000bb700000, 0x00000000bb700000|100%| O|  |TAMS 0x00000000bb700000, 0x00000000bb600000| Untracked 
| 183|0x00000000bb700000, 0x00000000bb7fffd0, 0x00000000bb800000| 99%| O|  |TAMS 0x00000000bb7fffd0, 0x00000000bb700000| Untracked 
| 184|0x00000000bb800000, 0x00000000bb8fffc0, 0x00000000bb900000| 99%| O|  |TAMS 0x00000000bb8fffc0, 0x00000000bb800000| Untracked 
| 185|0x00000000bb900000, 0x00000000bb9fe4e0, 0x00000000bba00000| 99%| O|  |TAMS 0x00000000bb9fe4e0, 0x00000000bb900000| Untracked 
| 186|0x00000000bba00000, 0x00000000bbafffd0, 0x00000000bbb00000| 99%| O|  |TAMS 0x00000000bbafffd0, 0x00000000bba00000| Untracked 
| 187|0x00000000bbb00000, 0x00000000bbc00000, 0x00000000bbc00000|100%| O|  |TAMS 0x00000000bbc00000, 0x00000000bbb00000| Untracked 
| 188|0x00000000bbc00000, 0x00000000bbd00000, 0x00000000bbd00000|100%|HS|  |TAMS 0x00000000bbd00000, 0x00000000bbc00000| Complete 
| 189|0x00000000bbd00000, 0x00000000bbe00000, 0x00000000bbe00000|100%| O|  |TAMS 0x00000000bbe00000, 0x00000000bbd00000| Untracked 
| 190|0x00000000bbe00000, 0x00000000bbe00000, 0x00000000bbf00000|  0%| F|  |TAMS 0x00000000bbe00000, 0x00000000bbe00000| Untracked 
| 191|0x00000000bbf00000, 0x00000000bc000000, 0x00000000bc000000|100%| O|  |TAMS 0x00000000bc000000, 0x00000000bbf00000| Updating 
| 192|0x00000000bc000000, 0x00000000bc100000, 0x00000000bc100000|100%| O|  |TAMS 0x00000000bc100000, 0x00000000bc000000| Untracked 
| 193|0x00000000bc100000, 0x00000000bc200000, 0x00000000bc200000|100%| O|  |TAMS 0x00000000bc200000, 0x00000000bc100000| Untracked 
| 194|0x00000000bc200000, 0x00000000bc2ffff8, 0x00000000bc300000| 99%| O|  |TAMS 0x00000000bc2ffff8, 0x00000000bc200000| Untracked 
| 195|0x00000000bc300000, 0x00000000bc400000, 0x00000000bc400000|100%| O|  |TAMS 0x00000000bc400000, 0x00000000bc300000| Untracked 
| 196|0x00000000bc400000, 0x00000000bc500000, 0x00000000bc500000|100%| O|  |TAMS 0x00000000bc500000, 0x00000000bc400000| Untracked 
| 197|0x00000000bc500000, 0x00000000bc600000, 0x00000000bc600000|100%| O|  |TAMS 0x00000000bc600000, 0x00000000bc500000| Untracked 
| 198|0x00000000bc600000, 0x00000000bc6fffd0, 0x00000000bc700000| 99%| O|  |TAMS 0x00000000bc6fffd0, 0x00000000bc600000| Updating 
| 199|0x00000000bc700000, 0x00000000bc800000, 0x00000000bc800000|100%| O|  |TAMS 0x00000000bc800000, 0x00000000bc700000| Untracked 
| 200|0x00000000bc800000, 0x00000000bc900000, 0x00000000bc900000|100%|HS|  |TAMS 0x00000000bc900000, 0x00000000bc800000| Complete 
| 201|0x00000000bc900000, 0x00000000bca00000, 0x00000000bca00000|100%|HS|  |TAMS 0x00000000bca00000, 0x00000000bc900000| Complete 
| 202|0x00000000bca00000, 0x00000000bcb00000, 0x00000000bcb00000|100%|HS|  |TAMS 0x00000000bcb00000, 0x00000000bca00000| Complete 
| 203|0x00000000bcb00000, 0x00000000bcbffff8, 0x00000000bcc00000| 99%| O|  |TAMS 0x00000000bcbffff8, 0x00000000bcb00000| Untracked 
| 204|0x00000000bcc00000, 0x00000000bcd00000, 0x00000000bcd00000|100%| O|  |TAMS 0x00000000bcd00000, 0x00000000bcc00000| Untracked 
| 205|0x00000000bcd00000, 0x00000000bce00000, 0x00000000bce00000|100%| O|  |TAMS 0x00000000bce00000, 0x00000000bcd00000| Untracked 
| 206|0x00000000bce00000, 0x00000000bcefffe8, 0x00000000bcf00000| 99%| O|  |TAMS 0x00000000bcefffe8, 0x00000000bce00000| Updating 
| 207|0x00000000bcf00000, 0x00000000bcfffff0, 0x00000000bd000000| 99%| O|  |TAMS 0x00000000bcfffff0, 0x00000000bcf00000| Untracked 
| 208|0x00000000bd000000, 0x00000000bd100000, 0x00000000bd100000|100%| O|  |TAMS 0x00000000bd100000, 0x00000000bd000000| Updating 
| 209|0x00000000bd100000, 0x00000000bd200000, 0x00000000bd200000|100%| O|  |TAMS 0x00000000bd200000, 0x00000000bd100000| Untracked 
| 210|0x00000000bd200000, 0x00000000bd2fffe8, 0x00000000bd300000| 99%| O|  |TAMS 0x00000000bd2fffe8, 0x00000000bd200000| Untracked 
| 211|0x00000000bd300000, 0x00000000bd400000, 0x00000000bd400000|100%| O|  |TAMS 0x00000000bd400000, 0x00000000bd300000| Untracked 
| 212|0x00000000bd400000, 0x00000000bd500000, 0x00000000bd500000|100%| O|  |TAMS 0x00000000bd500000, 0x00000000bd400000| Untracked 
| 213|0x00000000bd500000, 0x00000000bd600000, 0x00000000bd600000|100%| O|  |TAMS 0x00000000bd600000, 0x00000000bd500000| Untracked 
| 214|0x00000000bd600000, 0x00000000bd6ffff0, 0x00000000bd700000| 99%| O|  |TAMS 0x00000000bd6ffff0, 0x00000000bd600000| Untracked 
| 215|0x00000000bd700000, 0x00000000bd7ffff8, 0x00000000bd800000| 99%| O|  |TAMS 0x00000000bd7ffff8, 0x00000000bd700000| Updating 
| 216|0x00000000bd800000, 0x00000000bd8ffff0, 0x00000000bd900000| 99%| O|  |TAMS 0x00000000bd8ffff0, 0x00000000bd800000| Untracked 
| 217|0x00000000bd900000, 0x00000000bd9ffe68, 0x00000000bda00000| 99%| O|  |TAMS 0x00000000bd9ffe68, 0x00000000bd900000| Updating 
| 218|0x00000000bda00000, 0x00000000bdaffff8, 0x00000000bdb00000| 99%| O|  |TAMS 0x00000000bdaffff8, 0x00000000bda00000| Untracked 
| 219|0x00000000bdb00000, 0x00000000bdc00000, 0x00000000bdc00000|100%| O|  |TAMS 0x00000000bdc00000, 0x00000000bdb00000| Untracked 
| 220|0x00000000bdc00000, 0x00000000bdd00000, 0x00000000bdd00000|100%| O|  |TAMS 0x00000000bdd00000, 0x00000000bdc00000| Untracked 
| 221|0x00000000bdd00000, 0x00000000bde00000, 0x00000000bde00000|100%| O|  |TAMS 0x00000000bde00000, 0x00000000bdd00000| Untracked 
| 222|0x00000000bde00000, 0x00000000bdf00000, 0x00000000bdf00000|100%| O|  |TAMS 0x00000000bdf00000, 0x00000000bde00000| Untracked 
| 223|0x00000000bdf00000, 0x00000000be000000, 0x00000000be000000|100%| O|  |TAMS 0x00000000be000000, 0x00000000bdf00000| Updating 
| 224|0x00000000be000000, 0x00000000be0ffff8, 0x00000000be100000| 99%| O|  |TAMS 0x00000000be0ffff8, 0x00000000be000000| Untracked 
| 225|0x00000000be100000, 0x00000000be200000, 0x00000000be200000|100%| O|  |TAMS 0x00000000be200000, 0x00000000be100000| Untracked 
| 226|0x00000000be200000, 0x00000000be2ffff0, 0x00000000be300000| 99%| O|  |TAMS 0x00000000be2ffff0, 0x00000000be200000| Untracked 
| 227|0x00000000be300000, 0x00000000be3fffe0, 0x00000000be400000| 99%| O|  |TAMS 0x00000000be3fffe0, 0x00000000be300000| Untracked 
| 228|0x00000000be400000, 0x00000000be4ffff8, 0x00000000be500000| 99%| O|  |TAMS 0x00000000be4ffff8, 0x00000000be400000| Untracked 
| 229|0x00000000be500000, 0x00000000be5ffff0, 0x00000000be600000| 99%| O|  |TAMS 0x00000000be5ffff0, 0x00000000be500000| Untracked 
| 230|0x00000000be600000, 0x00000000be700000, 0x00000000be700000|100%| O|  |TAMS 0x00000000be700000, 0x00000000be600000| Untracked 
| 231|0x00000000be700000, 0x00000000be7fdfe8, 0x00000000be800000| 99%| O|  |TAMS 0x00000000be7fdfe8, 0x00000000be700000| Untracked 
| 232|0x00000000be800000, 0x00000000be8ffff8, 0x00000000be900000| 99%| O|  |TAMS 0x00000000be8ffff8, 0x00000000be800000| Untracked 
| 233|0x00000000be900000, 0x00000000bea00000, 0x00000000bea00000|100%| O|  |TAMS 0x00000000bea00000, 0x00000000be900000| Untracked 
| 234|0x00000000bea00000, 0x00000000beafffe8, 0x00000000beb00000| 99%| O|  |TAMS 0x00000000beafffe8, 0x00000000bea00000| Untracked 
| 235|0x00000000beb00000, 0x00000000bec00000, 0x00000000bec00000|100%| O|  |TAMS 0x00000000bec00000, 0x00000000beb00000| Untracked 
| 236|0x00000000bec00000, 0x00000000bed00000, 0x00000000bed00000|100%| O|  |TAMS 0x00000000bed00000, 0x00000000bec00000| Untracked 
| 237|0x00000000bed00000, 0x00000000bee00000, 0x00000000bee00000|100%| O|  |TAMS 0x00000000bee00000, 0x00000000bed00000| Untracked 
| 238|0x00000000bee00000, 0x00000000bef00000, 0x00000000bef00000|100%| O|  |TAMS 0x00000000bef00000, 0x00000000bee00000| Updating 
| 239|0x00000000bef00000, 0x00000000befffff8, 0x00000000bf000000| 99%| O|  |TAMS 0x00000000befffff8, 0x00000000bef00000| Untracked 
| 240|0x00000000bf000000, 0x00000000bf0fffe0, 0x00000000bf100000| 99%| O|  |TAMS 0x00000000bf0fffe0, 0x00000000bf000000| Updating 
| 241|0x00000000bf100000, 0x00000000bf1ffff0, 0x00000000bf200000| 99%| O|  |TAMS 0x00000000bf1ffff0, 0x00000000bf100000| Updating 
| 242|0x00000000bf200000, 0x00000000bf300000, 0x00000000bf300000|100%| O|  |TAMS 0x00000000bf300000, 0x00000000bf200000| Untracked 
| 243|0x00000000bf300000, 0x00000000bf400000, 0x00000000bf400000|100%| O|  |TAMS 0x00000000bf400000, 0x00000000bf300000| Untracked 
| 244|0x00000000bf400000, 0x00000000bf4ffff8, 0x00000000bf500000| 99%| O|  |TAMS 0x00000000bf4ffff8, 0x00000000bf400000| Untracked 
| 245|0x00000000bf500000, 0x00000000bf5fff98, 0x00000000bf600000| 99%| O|  |TAMS 0x00000000bf5fff98, 0x00000000bf500000| Untracked 
| 246|0x00000000bf600000, 0x00000000bf700000, 0x00000000bf700000|100%| O|  |TAMS 0x00000000bf700000, 0x00000000bf600000| Untracked 
| 247|0x00000000bf700000, 0x00000000bf7ffff0, 0x00000000bf800000| 99%| O|  |TAMS 0x00000000bf7ffff0, 0x00000000bf700000| Untracked 
| 248|0x00000000bf800000, 0x00000000bf900000, 0x00000000bf900000|100%|HS|  |TAMS 0x00000000bf900000, 0x00000000bf800000| Complete 
| 249|0x00000000bf900000, 0x00000000bfa00000, 0x00000000bfa00000|100%|HS|  |TAMS 0x00000000bfa00000, 0x00000000bf900000| Complete 
| 250|0x00000000bfa00000, 0x00000000bfaffff8, 0x00000000bfb00000| 99%| O|  |TAMS 0x00000000bfaffff8, 0x00000000bfa00000| Untracked 
| 251|0x00000000bfb00000, 0x00000000bfbfffe0, 0x00000000bfc00000| 99%| O|  |TAMS 0x00000000bfbfffe0, 0x00000000bfb00000| Updating 
| 252|0x00000000bfc00000, 0x00000000bfd00000, 0x00000000bfd00000|100%| O|  |TAMS 0x00000000bfd00000, 0x00000000bfc00000| Updating 
| 253|0x00000000bfd00000, 0x00000000bfe00000, 0x00000000bfe00000|100%| O|  |TAMS 0x00000000bfe00000, 0x00000000bfd00000| Updating 
| 254|0x00000000bfe00000, 0x00000000bfefffe0, 0x00000000bff00000| 99%| O|  |TAMS 0x00000000bfefffe0, 0x00000000bfe00000| Untracked 
| 255|0x00000000bff00000, 0x00000000bffffff0, 0x00000000c0000000| 99%| O|  |TAMS 0x00000000bffffff0, 0x00000000bff00000| Untracked 
| 256|0x00000000c0000000, 0x00000000c0100000, 0x00000000c0100000|100%| O|  |TAMS 0x00000000c0100000, 0x00000000c0000000| Untracked 
| 257|0x00000000c0100000, 0x00000000c0200000, 0x00000000c0200000|100%| O|  |TAMS 0x00000000c0200000, 0x00000000c0100000| Untracked 
| 258|0x00000000c0200000, 0x00000000c0300000, 0x00000000c0300000|100%| O|  |TAMS 0x00000000c0300000, 0x00000000c0200000| Untracked 
| 259|0x00000000c0300000, 0x00000000c03fa260, 0x00000000c0400000| 97%| O|  |TAMS 0x00000000c03fa260, 0x00000000c0300000| Updating 
| 260|0x00000000c0400000, 0x00000000c0500000, 0x00000000c0500000|100%| O|  |TAMS 0x00000000c0500000, 0x00000000c0400000| Untracked 
| 261|0x00000000c0500000, 0x00000000c05fffe8, 0x00000000c0600000| 99%| O|  |TAMS 0x00000000c05fffe8, 0x00000000c0500000| Untracked 
| 262|0x00000000c0600000, 0x00000000c0700000, 0x00000000c0700000|100%| O|  |TAMS 0x00000000c0700000, 0x00000000c0600000| Updating 
| 263|0x00000000c0700000, 0x00000000c07fff38, 0x00000000c0800000| 99%| O|  |TAMS 0x00000000c07fff38, 0x00000000c0700000| Untracked 
| 264|0x00000000c0800000, 0x00000000c08fffd8, 0x00000000c0900000| 99%| O|  |TAMS 0x00000000c08fffd8, 0x00000000c0800000| Untracked 
| 265|0x00000000c0900000, 0x00000000c0a00000, 0x00000000c0a00000|100%|HS|  |TAMS 0x00000000c0a00000, 0x00000000c0900000| Complete 
| 266|0x00000000c0a00000, 0x00000000c0b00000, 0x00000000c0b00000|100%|HS|  |TAMS 0x00000000c0b00000, 0x00000000c0a00000| Complete 
| 267|0x00000000c0b00000, 0x00000000c0c00000, 0x00000000c0c00000|100%|HS|  |TAMS 0x00000000c0c00000, 0x00000000c0b00000| Complete 
| 268|0x00000000c0c00000, 0x00000000c0d00000, 0x00000000c0d00000|100%| O|  |TAMS 0x00000000c0d00000, 0x00000000c0c00000| Untracked 
| 269|0x00000000c0d00000, 0x00000000c0dfffe8, 0x00000000c0e00000| 99%| O|  |TAMS 0x00000000c0dfffe8, 0x00000000c0d00000| Updating 
| 270|0x00000000c0e00000, 0x00000000c0efffe8, 0x00000000c0f00000| 99%| O|  |TAMS 0x00000000c0efffe8, 0x00000000c0e00000| Untracked 
| 271|0x00000000c0f00000, 0x00000000c0fffff0, 0x00000000c1000000| 99%| O|  |TAMS 0x00000000c0fffff0, 0x00000000c0f00000| Untracked 
| 272|0x00000000c1000000, 0x00000000c1000000, 0x00000000c1100000|  0%| F|  |TAMS 0x00000000c1000000, 0x00000000c1000000| Untracked 
| 273|0x00000000c1100000, 0x00000000c1200000, 0x00000000c1200000|100%| O|  |TAMS 0x00000000c1200000, 0x00000000c1100000| Untracked 
| 274|0x00000000c1200000, 0x00000000c1300000, 0x00000000c1300000|100%| O|  |TAMS 0x00000000c1300000, 0x00000000c1200000| Untracked 
| 275|0x00000000c1300000, 0x00000000c1400000, 0x00000000c1400000|100%| O|  |TAMS 0x00000000c1400000, 0x00000000c1300000| Untracked 
| 276|0x00000000c1400000, 0x00000000c1500000, 0x00000000c1500000|100%| O|  |TAMS 0x00000000c1500000, 0x00000000c1400000| Untracked 
| 277|0x00000000c1500000, 0x00000000c15fffe8, 0x00000000c1600000| 99%| O|  |TAMS 0x00000000c15fffe8, 0x00000000c1500000| Untracked 
| 278|0x00000000c1600000, 0x00000000c1700000, 0x00000000c1700000|100%| O|  |TAMS 0x00000000c1700000, 0x00000000c1600000| Untracked 
| 279|0x00000000c1700000, 0x00000000c1800000, 0x00000000c1800000|100%| O|  |TAMS 0x00000000c1800000, 0x00000000c1700000| Untracked 
| 280|0x00000000c1800000, 0x00000000c1900000, 0x00000000c1900000|100%| O|  |TAMS 0x00000000c1900000, 0x00000000c1800000| Untracked 
| 281|0x00000000c1900000, 0x00000000c1a00000, 0x00000000c1a00000|100%|HS|  |TAMS 0x00000000c1a00000, 0x00000000c1900000| Complete 
| 282|0x00000000c1a00000, 0x00000000c1b00000, 0x00000000c1b00000|100%|HS|  |TAMS 0x00000000c1b00000, 0x00000000c1a00000| Complete 
| 283|0x00000000c1b00000, 0x00000000c1bffff8, 0x00000000c1c00000| 99%| O|  |TAMS 0x00000000c1bffff8, 0x00000000c1b00000| Untracked 
| 284|0x00000000c1c00000, 0x00000000c1cffff8, 0x00000000c1d00000| 99%| O|  |TAMS 0x00000000c1cffff8, 0x00000000c1c00000| Untracked 
| 285|0x00000000c1d00000, 0x00000000c1e00000, 0x00000000c1e00000|100%| O|  |TAMS 0x00000000c1e00000, 0x00000000c1d00000| Untracked 
| 286|0x00000000c1e00000, 0x00000000c1f00000, 0x00000000c1f00000|100%| O|  |TAMS 0x00000000c1f00000, 0x00000000c1e00000| Untracked 
| 287|0x00000000c1f00000, 0x00000000c1fffff8, 0x00000000c2000000| 99%| O|  |TAMS 0x00000000c1fffff8, 0x00000000c1f00000| Updating 
| 288|0x00000000c2000000, 0x00000000c2100000, 0x00000000c2100000|100%| O|  |TAMS 0x00000000c2100000, 0x00000000c2000000| Untracked 
| 289|0x00000000c2100000, 0x00000000c21ffff8, 0x00000000c2200000| 99%| O|  |TAMS 0x00000000c21ffff8, 0x00000000c2100000| Untracked 
| 290|0x00000000c2200000, 0x00000000c2300000, 0x00000000c2300000|100%| O|  |TAMS 0x00000000c2300000, 0x00000000c2200000| Updating 
| 291|0x00000000c2300000, 0x00000000c23fffe8, 0x00000000c2400000| 99%| O|  |TAMS 0x00000000c23fffe8, 0x00000000c2300000| Untracked 
| 292|0x00000000c2400000, 0x00000000c24ffff0, 0x00000000c2500000| 99%| O|  |TAMS 0x00000000c24ffff0, 0x00000000c2400000| Untracked 
| 293|0x00000000c2500000, 0x00000000c2600000, 0x00000000c2600000|100%| O|  |TAMS 0x00000000c2600000, 0x00000000c2500000| Untracked 
| 294|0x00000000c2600000, 0x00000000c26fff60, 0x00000000c2700000| 99%| O|  |TAMS 0x00000000c26fff60, 0x00000000c2600000| Untracked 
| 295|0x00000000c2700000, 0x00000000c2800000, 0x00000000c2800000|100%| O|  |TAMS 0x00000000c2800000, 0x00000000c2700000| Untracked 
| 296|0x00000000c2800000, 0x00000000c2900000, 0x00000000c2900000|100%| O|  |TAMS 0x00000000c2900000, 0x00000000c2800000| Untracked 
| 297|0x00000000c2900000, 0x00000000c29fffe0, 0x00000000c2a00000| 99%| O|  |TAMS 0x00000000c29fffe0, 0x00000000c2900000| Untracked 
| 298|0x00000000c2a00000, 0x00000000c2affff0, 0x00000000c2b00000| 99%| O|  |TAMS 0x00000000c2affff0, 0x00000000c2a00000| Untracked 
| 299|0x00000000c2b00000, 0x00000000c2c00000, 0x00000000c2c00000|100%| O|  |TAMS 0x00000000c2c00000, 0x00000000c2b00000| Updating 
| 300|0x00000000c2c00000, 0x00000000c2d00000, 0x00000000c2d00000|100%| O|  |TAMS 0x00000000c2d00000, 0x00000000c2c00000| Untracked 
| 301|0x00000000c2d00000, 0x00000000c2e00000, 0x00000000c2e00000|100%| O|  |TAMS 0x00000000c2e00000, 0x00000000c2d00000| Updating 
| 302|0x00000000c2e00000, 0x00000000c2f00000, 0x00000000c2f00000|100%| O|  |TAMS 0x00000000c2f00000, 0x00000000c2e00000| Untracked 
| 303|0x00000000c2f00000, 0x00000000c2ffffb8, 0x00000000c3000000| 99%| O|  |TAMS 0x00000000c2ffffb8, 0x00000000c2f00000| Untracked 
| 304|0x00000000c3000000, 0x00000000c3000000, 0x00000000c3100000|  0%| F|  |TAMS 0x00000000c3000000, 0x00000000c3000000| Untracked 
| 305|0x00000000c3100000, 0x00000000c3200000, 0x00000000c3200000|100%| O|  |TAMS 0x00000000c3200000, 0x00000000c3100000| Untracked 
| 306|0x00000000c3200000, 0x00000000c32fffe8, 0x00000000c3300000| 99%| O|  |TAMS 0x00000000c32fffe8, 0x00000000c3200000| Updating 
| 307|0x00000000c3300000, 0x00000000c3400000, 0x00000000c3400000|100%| O|  |TAMS 0x00000000c3400000, 0x00000000c3300000| Updating 
| 308|0x00000000c3400000, 0x00000000c34fffe8, 0x00000000c3500000| 99%| O|  |TAMS 0x00000000c34fffe8, 0x00000000c3400000| Untracked 
| 309|0x00000000c3500000, 0x00000000c3600000, 0x00000000c3600000|100%| O|  |TAMS 0x00000000c3600000, 0x00000000c3500000| Updating 
| 310|0x00000000c3600000, 0x00000000c3700000, 0x00000000c3700000|100%| O|  |TAMS 0x00000000c3700000, 0x00000000c3600000| Untracked 
| 311|0x00000000c3700000, 0x00000000c3700000, 0x00000000c3800000|  0%| F|  |TAMS 0x00000000c3700000, 0x00000000c3700000| Untracked 
| 312|0x00000000c3800000, 0x00000000c3900000, 0x00000000c3900000|100%| O|  |TAMS 0x00000000c3900000, 0x00000000c3800000| Untracked 
| 313|0x00000000c3900000, 0x00000000c39fffc8, 0x00000000c3a00000| 99%| O|  |TAMS 0x00000000c39fffc8, 0x00000000c3900000| Updating 
| 314|0x00000000c3a00000, 0x00000000c3a00000, 0x00000000c3b00000|  0%| F|  |TAMS 0x00000000c3a00000, 0x00000000c3a00000| Untracked 
| 315|0x00000000c3b00000, 0x00000000c3c00000, 0x00000000c3c00000|100%| O|  |TAMS 0x00000000c3c00000, 0x00000000c3b00000| Updating 
| 316|0x00000000c3c00000, 0x00000000c3d00000, 0x00000000c3d00000|100%| O|  |TAMS 0x00000000c3d00000, 0x00000000c3c00000| Updating 
| 317|0x00000000c3d00000, 0x00000000c3dfffe8, 0x00000000c3e00000| 99%| O|  |TAMS 0x00000000c3dfffe8, 0x00000000c3d00000| Updating 
| 318|0x00000000c3e00000, 0x00000000c3effff0, 0x00000000c3f00000| 99%| O|  |TAMS 0x00000000c3effff0, 0x00000000c3e00000| Updating 
| 319|0x00000000c3f00000, 0x00000000c3fffff0, 0x00000000c4000000| 99%| O|  |TAMS 0x00000000c3fffff0, 0x00000000c3f00000| Updating 
| 320|0x00000000c4000000, 0x00000000c4100000, 0x00000000c4100000|100%| O|  |TAMS 0x00000000c4100000, 0x00000000c4000000| Untracked 
| 321|0x00000000c4100000, 0x00000000c4200000, 0x00000000c4200000|100%| O|  |TAMS 0x00000000c4200000, 0x00000000c4100000| Untracked 
| 322|0x00000000c4200000, 0x00000000c4300000, 0x00000000c4300000|100%| O|  |TAMS 0x00000000c4300000, 0x00000000c4200000| Untracked 
| 323|0x00000000c4300000, 0x00000000c43ffff0, 0x00000000c4400000| 99%| O|  |TAMS 0x00000000c43ffff0, 0x00000000c4300000| Untracked 
| 324|0x00000000c4400000, 0x00000000c4400000, 0x00000000c4500000|  0%| F|  |TAMS 0x00000000c4400000, 0x00000000c4400000| Untracked 
| 325|0x00000000c4500000, 0x00000000c4600000, 0x00000000c4600000|100%| O|  |TAMS 0x00000000c4600000, 0x00000000c4500000| Untracked 
| 326|0x00000000c4600000, 0x00000000c4700000, 0x00000000c4700000|100%| O|  |TAMS 0x00000000c4700000, 0x00000000c4600000| Untracked 
| 327|0x00000000c4700000, 0x00000000c4700000, 0x00000000c4800000|  0%| F|  |TAMS 0x00000000c4700000, 0x00000000c4700000| Untracked 
| 328|0x00000000c4800000, 0x00000000c4900000, 0x00000000c4900000|100%| O|  |TAMS 0x00000000c4900000, 0x00000000c4800000| Untracked 
| 329|0x00000000c4900000, 0x00000000c49ffff0, 0x00000000c4a00000| 99%| O|  |TAMS 0x00000000c49ffff0, 0x00000000c4900000| Updating 
| 330|0x00000000c4a00000, 0x00000000c4b00000, 0x00000000c4b00000|100%| O|  |TAMS 0x00000000c4b00000, 0x00000000c4a00000| Untracked 
| 331|0x00000000c4b00000, 0x00000000c4c00000, 0x00000000c4c00000|100%| O|  |TAMS 0x00000000c4c00000, 0x00000000c4b00000| Untracked 
| 332|0x00000000c4c00000, 0x00000000c4d00000, 0x00000000c4d00000|100%| O|  |TAMS 0x00000000c4d00000, 0x00000000c4c00000| Untracked 
| 333|0x00000000c4d00000, 0x00000000c4e00000, 0x00000000c4e00000|100%| O|  |TAMS 0x00000000c4e00000, 0x00000000c4d00000| Updating 
| 334|0x00000000c4e00000, 0x00000000c4efff98, 0x00000000c4f00000| 99%| O|  |TAMS 0x00000000c4efff98, 0x00000000c4e00000| Untracked 
| 335|0x00000000c4f00000, 0x00000000c5000000, 0x00000000c5000000|100%| O|  |TAMS 0x00000000c5000000, 0x00000000c4f00000| Updating 
| 336|0x00000000c5000000, 0x00000000c5100000, 0x00000000c5100000|100%| O|  |TAMS 0x00000000c5100000, 0x00000000c5000000| Untracked 
| 337|0x00000000c5100000, 0x00000000c51fc148, 0x00000000c5200000| 98%| O|  |TAMS 0x00000000c51fc148, 0x00000000c5100000| Untracked 
| 338|0x00000000c5200000, 0x00000000c5300000, 0x00000000c5300000|100%| O|  |TAMS 0x00000000c5300000, 0x00000000c5200000| Untracked 
| 339|0x00000000c5300000, 0x00000000c5400000, 0x00000000c5400000|100%| O|  |TAMS 0x00000000c5400000, 0x00000000c5300000| Untracked 
| 340|0x00000000c5400000, 0x00000000c5500000, 0x00000000c5500000|100%| O|  |TAMS 0x00000000c5500000, 0x00000000c5400000| Untracked 
| 341|0x00000000c5500000, 0x00000000c5600000, 0x00000000c5600000|100%| O|  |TAMS 0x00000000c5600000, 0x00000000c5500000| Untracked 
| 342|0x00000000c5600000, 0x00000000c56fffe8, 0x00000000c5700000| 99%| O|  |TAMS 0x00000000c56fffe8, 0x00000000c5600000| Untracked 
| 343|0x00000000c5700000, 0x00000000c5800000, 0x00000000c5800000|100%| O|  |TAMS 0x00000000c5800000, 0x00000000c5700000| Updating 
| 344|0x00000000c5800000, 0x00000000c58ffff0, 0x00000000c5900000| 99%| O|  |TAMS 0x00000000c58ffff0, 0x00000000c5800000| Updating 
| 345|0x00000000c5900000, 0x00000000c5a00000, 0x00000000c5a00000|100%| O|  |TAMS 0x00000000c5a00000, 0x00000000c5900000| Untracked 
| 346|0x00000000c5a00000, 0x00000000c5afffd0, 0x00000000c5b00000| 99%| O|  |TAMS 0x00000000c5afffd0, 0x00000000c5a00000| Updating 
| 347|0x00000000c5b00000, 0x00000000c5bffff0, 0x00000000c5c00000| 99%| O|  |TAMS 0x00000000c5bffff0, 0x00000000c5b00000| Updating 
| 348|0x00000000c5c00000, 0x00000000c5cffff8, 0x00000000c5d00000| 99%| O|  |TAMS 0x00000000c5cffff8, 0x00000000c5c00000| Updating 
| 349|0x00000000c5d00000, 0x00000000c5e00000, 0x00000000c5e00000|100%| O|  |TAMS 0x00000000c5e00000, 0x00000000c5d00000| Untracked 
| 350|0x00000000c5e00000, 0x00000000c5f00000, 0x00000000c5f00000|100%| O|  |TAMS 0x00000000c5f00000, 0x00000000c5e00000| Untracked 
| 351|0x00000000c5f00000, 0x00000000c5fffff0, 0x00000000c6000000| 99%| O|  |TAMS 0x00000000c5fffff0, 0x00000000c5f00000| Updating 
| 352|0x00000000c6000000, 0x00000000c6000000, 0x00000000c6100000|  0%| F|  |TAMS 0x00000000c6000000, 0x00000000c6000000| Untracked 
| 353|0x00000000c6100000, 0x00000000c6200000, 0x00000000c6200000|100%| O|  |TAMS 0x00000000c6200000, 0x00000000c6100000| Untracked 
| 354|0x00000000c6200000, 0x00000000c6200000, 0x00000000c6300000|  0%| F|  |TAMS 0x00000000c6200000, 0x00000000c6200000| Untracked 
| 355|0x00000000c6300000, 0x00000000c6400000, 0x00000000c6400000|100%| O|  |TAMS 0x00000000c6400000, 0x00000000c6300000| Untracked 
| 356|0x00000000c6400000, 0x00000000c6400000, 0x00000000c6500000|  0%| F|  |TAMS 0x00000000c6400000, 0x00000000c6400000| Untracked 
| 357|0x00000000c6500000, 0x00000000c65ffff8, 0x00000000c6600000| 99%| O|  |TAMS 0x00000000c65ffff8, 0x00000000c6500000| Untracked 
| 358|0x00000000c6600000, 0x00000000c6700000, 0x00000000c6700000|100%| O|  |TAMS 0x00000000c6700000, 0x00000000c6600000| Updating 
| 359|0x00000000c6700000, 0x00000000c67ffff0, 0x00000000c6800000| 99%| O|  |TAMS 0x00000000c67ffff0, 0x00000000c6700000| Updating 
| 360|0x00000000c6800000, 0x00000000c6900000, 0x00000000c6900000|100%| O|  |TAMS 0x00000000c6900000, 0x00000000c6800000| Untracked 
| 361|0x00000000c6900000, 0x00000000c69ffff0, 0x00000000c6a00000| 99%| O|  |TAMS 0x00000000c69ffff0, 0x00000000c6900000| Updating 
| 362|0x00000000c6a00000, 0x00000000c6affff0, 0x00000000c6b00000| 99%| O|  |TAMS 0x00000000c6affff0, 0x00000000c6a00000| Untracked 
| 363|0x00000000c6b00000, 0x00000000c6c00000, 0x00000000c6c00000|100%| O|  |TAMS 0x00000000c6c00000, 0x00000000c6b00000| Untracked 
| 364|0x00000000c6c00000, 0x00000000c6cffff8, 0x00000000c6d00000| 99%| O|  |TAMS 0x00000000c6cffff8, 0x00000000c6c00000| Updating 
| 365|0x00000000c6d00000, 0x00000000c6e00000, 0x00000000c6e00000|100%| O|  |TAMS 0x00000000c6e00000, 0x00000000c6d00000| Updating 
| 366|0x00000000c6e00000, 0x00000000c6effeb8, 0x00000000c6f00000| 99%| O|  |TAMS 0x00000000c6effeb8, 0x00000000c6e00000| Untracked 
| 367|0x00000000c6f00000, 0x00000000c6f00000, 0x00000000c7000000|  0%| F|  |TAMS 0x00000000c6f00000, 0x00000000c6f00000| Untracked 
| 368|0x00000000c7000000, 0x00000000c70fffc0, 0x00000000c7100000| 99%| O|  |TAMS 0x00000000c70fffc0, 0x00000000c7000000| Untracked 
| 369|0x00000000c7100000, 0x00000000c7200000, 0x00000000c7200000|100%| O|  |TAMS 0x00000000c7200000, 0x00000000c7100000| Untracked 
| 370|0x00000000c7200000, 0x00000000c7300000, 0x00000000c7300000|100%| O|  |TAMS 0x00000000c7300000, 0x00000000c7200000| Untracked 
| 371|0x00000000c7300000, 0x00000000c7400000, 0x00000000c7400000|100%| O|  |TAMS 0x00000000c7400000, 0x00000000c7300000| Untracked 
| 372|0x00000000c7400000, 0x00000000c7500000, 0x00000000c7500000|100%| O|  |TAMS 0x00000000c7500000, 0x00000000c7400000| Untracked 
| 373|0x00000000c7500000, 0x00000000c7600000, 0x00000000c7600000|100%| O|  |TAMS 0x00000000c7600000, 0x00000000c7500000| Untracked 
| 374|0x00000000c7600000, 0x00000000c76ffff8, 0x00000000c7700000| 99%| O|  |TAMS 0x00000000c76ffff8, 0x00000000c7600000| Updating 
| 375|0x00000000c7700000, 0x00000000c7800000, 0x00000000c7800000|100%| O|  |TAMS 0x00000000c7800000, 0x00000000c7700000| Updating 
| 376|0x00000000c7800000, 0x00000000c7900000, 0x00000000c7900000|100%| O|  |TAMS 0x00000000c7900000, 0x00000000c7800000| Untracked 
| 377|0x00000000c7900000, 0x00000000c7a00000, 0x00000000c7a00000|100%| O|  |TAMS 0x00000000c7a00000, 0x00000000c7900000| Untracked 
| 378|0x00000000c7a00000, 0x00000000c7b00000, 0x00000000c7b00000|100%| O|  |TAMS 0x00000000c7b00000, 0x00000000c7a00000| Untracked 
| 379|0x00000000c7b00000, 0x00000000c7c00000, 0x00000000c7c00000|100%|HS|  |TAMS 0x00000000c7c00000, 0x00000000c7b00000| Untracked 
| 380|0x00000000c7c00000, 0x00000000c7d00000, 0x00000000c7d00000|100%| O|  |TAMS 0x00000000c7d00000, 0x00000000c7c00000| Updating 
| 381|0x00000000c7d00000, 0x00000000c7e00000, 0x00000000c7e00000|100%| O|  |TAMS 0x00000000c7e00000, 0x00000000c7d00000| Updating 
| 382|0x00000000c7e00000, 0x00000000c7effff8, 0x00000000c7f00000| 99%| O|  |TAMS 0x00000000c7effff8, 0x00000000c7e00000| Untracked 
| 383|0x00000000c7f00000, 0x00000000c8000000, 0x00000000c8000000|100%| O|  |TAMS 0x00000000c8000000, 0x00000000c7f00000| Updating 
| 384|0x00000000c8000000, 0x00000000c8100000, 0x00000000c8100000|100%| O|  |TAMS 0x00000000c8100000, 0x00000000c8000000| Updating 
| 385|0x00000000c8100000, 0x00000000c8200000, 0x00000000c8200000|100%| O|  |TAMS 0x00000000c8200000, 0x00000000c8100000| Untracked 
| 386|0x00000000c8200000, 0x00000000c8300000, 0x00000000c8300000|100%| O|  |TAMS 0x00000000c8300000, 0x00000000c8200000| Untracked 
| 387|0x00000000c8300000, 0x00000000c8400000, 0x00000000c8400000|100%| O|  |TAMS 0x00000000c8400000, 0x00000000c8300000| Untracked 
| 388|0x00000000c8400000, 0x00000000c8500000, 0x00000000c8500000|100%| O|  |TAMS 0x00000000c8500000, 0x00000000c8400000| Untracked 
| 389|0x00000000c8500000, 0x00000000c8600000, 0x00000000c8600000|100%| O|  |TAMS 0x00000000c8600000, 0x00000000c8500000| Untracked 
| 390|0x00000000c8600000, 0x00000000c8700000, 0x00000000c8700000|100%| O|  |TAMS 0x00000000c8700000, 0x00000000c8600000| Untracked 
| 391|0x00000000c8700000, 0x00000000c8800000, 0x00000000c8800000|100%| O|  |TAMS 0x00000000c8800000, 0x00000000c8700000| Untracked 
| 392|0x00000000c8800000, 0x00000000c8900000, 0x00000000c8900000|100%| O|  |TAMS 0x00000000c8900000, 0x00000000c8800000| Untracked 
| 393|0x00000000c8900000, 0x00000000c89ffff0, 0x00000000c8a00000| 99%| O|  |TAMS 0x00000000c89ffff0, 0x00000000c8900000| Updating 
| 394|0x00000000c8a00000, 0x00000000c8b00000, 0x00000000c8b00000|100%| O|  |TAMS 0x00000000c8b00000, 0x00000000c8a00000| Updating 
| 395|0x00000000c8b00000, 0x00000000c8b00000, 0x00000000c8c00000|  0%| F|  |TAMS 0x00000000c8b00000, 0x00000000c8b00000| Untracked 
| 396|0x00000000c8c00000, 0x00000000c8cfffe8, 0x00000000c8d00000| 99%| O|  |TAMS 0x00000000c8cfffe8, 0x00000000c8c00000| Updating 
| 397|0x00000000c8d00000, 0x00000000c8d00000, 0x00000000c8e00000|  0%| F|  |TAMS 0x00000000c8d00000, 0x00000000c8d00000| Untracked 
| 398|0x00000000c8e00000, 0x00000000c8e00000, 0x00000000c8f00000|  0%| F|  |TAMS 0x00000000c8e00000, 0x00000000c8e00000| Untracked 
| 399|0x00000000c8f00000, 0x00000000c8fffff8, 0x00000000c9000000| 99%| O|  |TAMS 0x00000000c8fffff8, 0x00000000c8f00000| Untracked 
| 400|0x00000000c9000000, 0x00000000c9100000, 0x00000000c9100000|100%| O|  |TAMS 0x00000000c9100000, 0x00000000c9000000| Untracked 
| 401|0x00000000c9100000, 0x00000000c91fffe8, 0x00000000c9200000| 99%| O|  |TAMS 0x00000000c91fffe8, 0x00000000c9100000| Updating 
| 402|0x00000000c9200000, 0x00000000c9300000, 0x00000000c9300000|100%| O|  |TAMS 0x00000000c9300000, 0x00000000c9200000| Untracked 
| 403|0x00000000c9300000, 0x00000000c9400000, 0x00000000c9400000|100%| O|  |TAMS 0x00000000c9400000, 0x00000000c9300000| Untracked 
| 404|0x00000000c9400000, 0x00000000c9500000, 0x00000000c9500000|100%| O|  |TAMS 0x00000000c9500000, 0x00000000c9400000| Untracked 
| 405|0x00000000c9500000, 0x00000000c9600000, 0x00000000c9600000|100%| O|  |TAMS 0x00000000c9600000, 0x00000000c9500000| Untracked 
| 406|0x00000000c9600000, 0x00000000c96fffb8, 0x00000000c9700000| 99%| O|  |TAMS 0x00000000c96fffb8, 0x00000000c9600000| Updating 
| 407|0x00000000c9700000, 0x00000000c9800000, 0x00000000c9800000|100%| O|  |TAMS 0x00000000c9800000, 0x00000000c9700000| Updating 
| 408|0x00000000c9800000, 0x00000000c98fffa8, 0x00000000c9900000| 99%| O|  |TAMS 0x00000000c98fffa8, 0x00000000c9800000| Updating 
| 409|0x00000000c9900000, 0x00000000c9a00000, 0x00000000c9a00000|100%| O|  |TAMS 0x00000000c9a00000, 0x00000000c9900000| Untracked 
| 410|0x00000000c9a00000, 0x00000000c9afffc8, 0x00000000c9b00000| 99%| O|  |TAMS 0x00000000c9afffc8, 0x00000000c9a00000| Updating 
| 411|0x00000000c9b00000, 0x00000000c9b00000, 0x00000000c9c00000|  0%| F|  |TAMS 0x00000000c9b00000, 0x00000000c9b00000| Untracked 
| 412|0x00000000c9c00000, 0x00000000c9d00000, 0x00000000c9d00000|100%| O|  |TAMS 0x00000000c9d00000, 0x00000000c9c00000| Updating 
| 413|0x00000000c9d00000, 0x00000000c9e00000, 0x00000000c9e00000|100%| O|  |TAMS 0x00000000c9e00000, 0x00000000c9d00000| Untracked 
| 414|0x00000000c9e00000, 0x00000000c9f00000, 0x00000000c9f00000|100%| O|  |TAMS 0x00000000c9f00000, 0x00000000c9e00000| Untracked 
| 415|0x00000000c9f00000, 0x00000000c9fffff0, 0x00000000ca000000| 99%| O|  |TAMS 0x00000000c9fffff0, 0x00000000c9f00000| Untracked 
| 416|0x00000000ca000000, 0x00000000ca0fffc8, 0x00000000ca100000| 99%| O|  |TAMS 0x00000000ca0fffc8, 0x00000000ca000000| Updating 
| 417|0x00000000ca100000, 0x00000000ca200000, 0x00000000ca200000|100%| O|  |TAMS 0x00000000ca200000, 0x00000000ca100000| Untracked 
| 418|0x00000000ca200000, 0x00000000ca300000, 0x00000000ca300000|100%| O|  |TAMS 0x00000000ca300000, 0x00000000ca200000| Updating 
| 419|0x00000000ca300000, 0x00000000ca400000, 0x00000000ca400000|100%| O|  |TAMS 0x00000000ca400000, 0x00000000ca300000| Untracked 
| 420|0x00000000ca400000, 0x00000000ca500000, 0x00000000ca500000|100%| O|  |TAMS 0x00000000ca500000, 0x00000000ca400000| Updating 
| 421|0x00000000ca500000, 0x00000000ca600000, 0x00000000ca600000|100%| O|  |TAMS 0x00000000ca600000, 0x00000000ca500000| Untracked 
| 422|0x00000000ca600000, 0x00000000ca700000, 0x00000000ca700000|100%| O|  |TAMS 0x00000000ca700000, 0x00000000ca600000| Untracked 
| 423|0x00000000ca700000, 0x00000000ca700000, 0x00000000ca800000|  0%| F|  |TAMS 0x00000000ca700000, 0x00000000ca700000| Untracked 
| 424|0x00000000ca800000, 0x00000000ca900000, 0x00000000ca900000|100%| O|  |TAMS 0x00000000ca900000, 0x00000000ca800000| Updating 
| 425|0x00000000ca900000, 0x00000000caa00000, 0x00000000caa00000|100%| O|  |TAMS 0x00000000caa00000, 0x00000000ca900000| Untracked 
| 426|0x00000000caa00000, 0x00000000cab00000, 0x00000000cab00000|100%|HS|  |TAMS 0x00000000cab00000, 0x00000000caa00000| Untracked 
| 427|0x00000000cab00000, 0x00000000cac00000, 0x00000000cac00000|100%|HC|  |TAMS 0x00000000cac00000, 0x00000000cab00000| Untracked 
| 428|0x00000000cac00000, 0x00000000cad00000, 0x00000000cad00000|100%|HC|  |TAMS 0x00000000cad00000, 0x00000000cac00000| Untracked 
| 429|0x00000000cad00000, 0x00000000cae00000, 0x00000000cae00000|100%| O|  |TAMS 0x00000000cae00000, 0x00000000cad00000| Updating 
| 430|0x00000000cae00000, 0x00000000caf00000, 0x00000000caf00000|100%| O|  |TAMS 0x00000000caf00000, 0x00000000cae00000| Untracked 
| 431|0x00000000caf00000, 0x00000000cb000000, 0x00000000cb000000|100%| O|  |TAMS 0x00000000cb000000, 0x00000000caf00000| Untracked 
| 432|0x00000000cb000000, 0x00000000cb100000, 0x00000000cb100000|100%| O|  |TAMS 0x00000000cb100000, 0x00000000cb000000| Untracked 
| 433|0x00000000cb100000, 0x00000000cb200000, 0x00000000cb200000|100%| O|  |TAMS 0x00000000cb200000, 0x00000000cb100000| Untracked 
| 434|0x00000000cb200000, 0x00000000cb300000, 0x00000000cb300000|100%| O|  |TAMS 0x00000000cb300000, 0x00000000cb200000| Untracked 
| 435|0x00000000cb300000, 0x00000000cb400000, 0x00000000cb400000|100%| O|  |TAMS 0x00000000cb400000, 0x00000000cb300000| Untracked 
| 436|0x00000000cb400000, 0x00000000cb500000, 0x00000000cb500000|100%| O|  |TAMS 0x00000000cb500000, 0x00000000cb400000| Untracked 
| 437|0x00000000cb500000, 0x00000000cb600000, 0x00000000cb600000|100%| O|  |TAMS 0x00000000cb600000, 0x00000000cb500000| Untracked 
| 438|0x00000000cb600000, 0x00000000cb700000, 0x00000000cb700000|100%| O|  |TAMS 0x00000000cb700000, 0x00000000cb600000| Untracked 
| 439|0x00000000cb700000, 0x00000000cb800000, 0x00000000cb800000|100%| O|  |TAMS 0x00000000cb800000, 0x00000000cb700000| Untracked 
| 440|0x00000000cb800000, 0x00000000cb900000, 0x00000000cb900000|100%| O|  |TAMS 0x00000000cb900000, 0x00000000cb800000| Untracked 
| 441|0x00000000cb900000, 0x00000000cba00000, 0x00000000cba00000|100%| O|  |TAMS 0x00000000cba00000, 0x00000000cb900000| Untracked 
| 442|0x00000000cba00000, 0x00000000cbb00000, 0x00000000cbb00000|100%| O|  |TAMS 0x00000000cbb00000, 0x00000000cba00000| Untracked 
| 443|0x00000000cbb00000, 0x00000000cbb00000, 0x00000000cbc00000|  0%| F|  |TAMS 0x00000000cbb00000, 0x00000000cbb00000| Untracked 
| 444|0x00000000cbc00000, 0x00000000cbd00000, 0x00000000cbd00000|100%| O|  |TAMS 0x00000000cbd00000, 0x00000000cbc00000| Untracked 
| 445|0x00000000cbd00000, 0x00000000cbe00000, 0x00000000cbe00000|100%| O|  |TAMS 0x00000000cbe00000, 0x00000000cbd00000| Untracked 
| 446|0x00000000cbe00000, 0x00000000cbf00000, 0x00000000cbf00000|100%| O|  |TAMS 0x00000000cbf00000, 0x00000000cbe00000| Untracked 
| 447|0x00000000cbf00000, 0x00000000cc000000, 0x00000000cc000000|100%| O|  |TAMS 0x00000000cc000000, 0x00000000cbf00000| Untracked 
| 448|0x00000000cc000000, 0x00000000cc100000, 0x00000000cc100000|100%| O|  |TAMS 0x00000000cc100000, 0x00000000cc000000| Untracked 
| 449|0x00000000cc100000, 0x00000000cc200000, 0x00000000cc200000|100%| O|  |TAMS 0x00000000cc200000, 0x00000000cc100000| Untracked 
| 450|0x00000000cc200000, 0x00000000cc2ffff0, 0x00000000cc300000| 99%| O|  |TAMS 0x00000000cc2ffff0, 0x00000000cc200000| Updating 
| 451|0x00000000cc300000, 0x00000000cc3ffff8, 0x00000000cc400000| 99%| O|  |TAMS 0x00000000cc3ffff8, 0x00000000cc300000| Updating 
| 452|0x00000000cc400000, 0x00000000cc500000, 0x00000000cc500000|100%| O|  |TAMS 0x00000000cc500000, 0x00000000cc400000| Untracked 
| 453|0x00000000cc500000, 0x00000000cc600000, 0x00000000cc600000|100%| O|  |TAMS 0x00000000cc600000, 0x00000000cc500000| Untracked 
| 454|0x00000000cc600000, 0x00000000cc700000, 0x00000000cc700000|100%| O|  |TAMS 0x00000000cc700000, 0x00000000cc600000| Untracked 
| 455|0x00000000cc700000, 0x00000000cc800000, 0x00000000cc800000|100%| O|  |TAMS 0x00000000cc800000, 0x00000000cc700000| Untracked 
| 456|0x00000000cc800000, 0x00000000cc900000, 0x00000000cc900000|100%| O|  |TAMS 0x00000000cc900000, 0x00000000cc800000| Untracked 
| 457|0x00000000cc900000, 0x00000000cca00000, 0x00000000cca00000|100%| O|  |TAMS 0x00000000cca00000, 0x00000000cc900000| Updating 
| 458|0x00000000cca00000, 0x00000000ccb00000, 0x00000000ccb00000|100%| O|  |TAMS 0x00000000ccb00000, 0x00000000cca00000| Untracked 
| 459|0x00000000ccb00000, 0x00000000ccc00000, 0x00000000ccc00000|100%| O|  |TAMS 0x00000000ccc00000, 0x00000000ccb00000| Untracked 
| 460|0x00000000ccc00000, 0x00000000ccd00000, 0x00000000ccd00000|100%| O|  |TAMS 0x00000000ccd00000, 0x00000000ccc00000| Untracked 
| 461|0x00000000ccd00000, 0x00000000cce00000, 0x00000000cce00000|100%| O|  |TAMS 0x00000000cce00000, 0x00000000ccd00000| Untracked 
| 462|0x00000000cce00000, 0x00000000ccf00000, 0x00000000ccf00000|100%| O|  |TAMS 0x00000000ccf00000, 0x00000000cce00000| Untracked 
| 463|0x00000000ccf00000, 0x00000000cd000000, 0x00000000cd000000|100%| O|  |TAMS 0x00000000cd000000, 0x00000000ccf00000| Untracked 
| 464|0x00000000cd000000, 0x00000000cd100000, 0x00000000cd100000|100%| O|  |TAMS 0x00000000cd100000, 0x00000000cd000000| Untracked 
| 465|0x00000000cd100000, 0x00000000cd200000, 0x00000000cd200000|100%| O|  |TAMS 0x00000000cd200000, 0x00000000cd100000| Untracked 
| 466|0x00000000cd200000, 0x00000000cd300000, 0x00000000cd300000|100%| O|  |TAMS 0x00000000cd300000, 0x00000000cd200000| Untracked 
| 467|0x00000000cd300000, 0x00000000cd400000, 0x00000000cd400000|100%| O|  |TAMS 0x00000000cd400000, 0x00000000cd300000| Untracked 
| 468|0x00000000cd400000, 0x00000000cd500000, 0x00000000cd500000|100%| O|  |TAMS 0x00000000cd500000, 0x00000000cd400000| Untracked 
| 469|0x00000000cd500000, 0x00000000cd600000, 0x00000000cd600000|100%| O|  |TAMS 0x00000000cd600000, 0x00000000cd500000| Untracked 
| 470|0x00000000cd600000, 0x00000000cd700000, 0x00000000cd700000|100%| O|  |TAMS 0x00000000cd700000, 0x00000000cd600000| Untracked 
| 471|0x00000000cd700000, 0x00000000cd700000, 0x00000000cd800000|  0%| F|  |TAMS 0x00000000cd700000, 0x00000000cd700000| Untracked 
| 472|0x00000000cd800000, 0x00000000cd900000, 0x00000000cd900000|100%| O|  |TAMS 0x00000000cd900000, 0x00000000cd800000| Untracked 
| 473|0x00000000cd900000, 0x00000000cda00000, 0x00000000cda00000|100%| O|  |TAMS 0x00000000cda00000, 0x00000000cd900000| Untracked 
| 474|0x00000000cda00000, 0x00000000cdb00000, 0x00000000cdb00000|100%|HS|  |TAMS 0x00000000cdb00000, 0x00000000cda00000| Complete 
| 475|0x00000000cdb00000, 0x00000000cdc00000, 0x00000000cdc00000|100%| O|  |TAMS 0x00000000cdc00000, 0x00000000cdb00000| Untracked 
| 476|0x00000000cdc00000, 0x00000000cdd00000, 0x00000000cdd00000|100%| O|  |TAMS 0x00000000cdd00000, 0x00000000cdc00000| Untracked 
| 477|0x00000000cdd00000, 0x00000000cde00000, 0x00000000cde00000|100%| O|  |TAMS 0x00000000cde00000, 0x00000000cdd00000| Untracked 
| 478|0x00000000cde00000, 0x00000000cdf00000, 0x00000000cdf00000|100%| O|  |TAMS 0x00000000cdf00000, 0x00000000cde00000| Untracked 
| 479|0x00000000cdf00000, 0x00000000ce000000, 0x00000000ce000000|100%| O|  |TAMS 0x00000000ce000000, 0x00000000cdf00000| Untracked 
| 480|0x00000000ce000000, 0x00000000ce100000, 0x00000000ce100000|100%| O|  |TAMS 0x00000000ce100000, 0x00000000ce000000| Untracked 
| 481|0x00000000ce100000, 0x00000000ce200000, 0x00000000ce200000|100%| O|  |TAMS 0x00000000ce200000, 0x00000000ce100000| Untracked 
| 482|0x00000000ce200000, 0x00000000ce300000, 0x00000000ce300000|100%| O|  |TAMS 0x00000000ce300000, 0x00000000ce200000| Untracked 
| 483|0x00000000ce300000, 0x00000000ce400000, 0x00000000ce400000|100%| O|  |TAMS 0x00000000ce400000, 0x00000000ce300000| Untracked 
| 484|0x00000000ce400000, 0x00000000ce500000, 0x00000000ce500000|100%| O|  |TAMS 0x00000000ce500000, 0x00000000ce400000| Untracked 
| 485|0x00000000ce500000, 0x00000000ce600000, 0x00000000ce600000|100%| O|  |TAMS 0x00000000ce600000, 0x00000000ce500000| Untracked 
| 486|0x00000000ce600000, 0x00000000ce700000, 0x00000000ce700000|100%| O|  |TAMS 0x00000000ce700000, 0x00000000ce600000| Untracked 
| 487|0x00000000ce700000, 0x00000000ce800000, 0x00000000ce800000|100%| O|  |TAMS 0x00000000ce800000, 0x00000000ce700000| Untracked 
| 488|0x00000000ce800000, 0x00000000ce900000, 0x00000000ce900000|100%| O|  |TAMS 0x00000000ce900000, 0x00000000ce800000| Untracked 
| 489|0x00000000ce900000, 0x00000000cea00000, 0x00000000cea00000|100%| O|  |TAMS 0x00000000cea00000, 0x00000000ce900000| Untracked 
| 490|0x00000000cea00000, 0x00000000ceb00000, 0x00000000ceb00000|100%| O|  |TAMS 0x00000000ceb00000, 0x00000000cea00000| Untracked 
| 491|0x00000000ceb00000, 0x00000000cec00000, 0x00000000cec00000|100%| O|  |TAMS 0x00000000cec00000, 0x00000000ceb00000| Untracked 
| 492|0x00000000cec00000, 0x00000000ced00000, 0x00000000ced00000|100%| O|  |TAMS 0x00000000ced00000, 0x00000000cec00000| Untracked 
| 493|0x00000000ced00000, 0x00000000cee00000, 0x00000000cee00000|100%| O|  |TAMS 0x00000000cee00000, 0x00000000ced00000| Untracked 
| 494|0x00000000cee00000, 0x00000000cef00000, 0x00000000cef00000|100%|HS|  |TAMS 0x00000000cef00000, 0x00000000cee00000| Complete 
| 495|0x00000000cef00000, 0x00000000cf000000, 0x00000000cf000000|100%|HC|  |TAMS 0x00000000cf000000, 0x00000000cef00000| Complete 
| 496|0x00000000cf000000, 0x00000000cf100000, 0x00000000cf100000|100%| O|  |TAMS 0x00000000cf100000, 0x00000000cf000000| Untracked 
| 497|0x00000000cf100000, 0x00000000cf200000, 0x00000000cf200000|100%| O|  |TAMS 0x00000000cf200000, 0x00000000cf100000| Untracked 
| 498|0x00000000cf200000, 0x00000000cf300000, 0x00000000cf300000|100%| O|  |TAMS 0x00000000cf300000, 0x00000000cf200000| Untracked 
| 499|0x00000000cf300000, 0x00000000cf400000, 0x00000000cf400000|100%| O|  |TAMS 0x00000000cf400000, 0x00000000cf300000| Untracked 
| 500|0x00000000cf400000, 0x00000000cf4ffff8, 0x00000000cf500000| 99%| O|  |TAMS 0x00000000cf4ffff8, 0x00000000cf400000| Updating 
| 501|0x00000000cf500000, 0x00000000cf600000, 0x00000000cf600000|100%| O|  |TAMS 0x00000000cf600000, 0x00000000cf500000| Untracked 
| 502|0x00000000cf600000, 0x00000000cf700000, 0x00000000cf700000|100%| O|  |TAMS 0x00000000cf700000, 0x00000000cf600000| Untracked 
| 503|0x00000000cf700000, 0x00000000cf800000, 0x00000000cf800000|100%| O|  |TAMS 0x00000000cf800000, 0x00000000cf700000| Untracked 
| 504|0x00000000cf800000, 0x00000000cf900000, 0x00000000cf900000|100%| O|  |TAMS 0x00000000cf900000, 0x00000000cf800000| Untracked 
| 505|0x00000000cf900000, 0x00000000cfa00000, 0x00000000cfa00000|100%| O|  |TAMS 0x00000000cfa00000, 0x00000000cf900000| Untracked 
| 506|0x00000000cfa00000, 0x00000000cfb00000, 0x00000000cfb00000|100%| O|  |TAMS 0x00000000cfb00000, 0x00000000cfa00000| Untracked 
| 507|0x00000000cfb00000, 0x00000000cfc00000, 0x00000000cfc00000|100%| O|  |TAMS 0x00000000cfc00000, 0x00000000cfb00000| Untracked 
| 508|0x00000000cfc00000, 0x00000000cfd00000, 0x00000000cfd00000|100%| O|  |TAMS 0x00000000cfd00000, 0x00000000cfc00000| Untracked 
| 509|0x00000000cfd00000, 0x00000000cfe00000, 0x00000000cfe00000|100%| O|  |TAMS 0x00000000cfe00000, 0x00000000cfd00000| Untracked 
| 510|0x00000000cfe00000, 0x00000000cfeffff8, 0x00000000cff00000| 99%| O|  |TAMS 0x00000000cfeffff8, 0x00000000cfe00000| Updating 
| 511|0x00000000cff00000, 0x00000000cff00000, 0x00000000d0000000|  0%| F|  |TAMS 0x00000000cff00000, 0x00000000cff00000| Untracked 
| 512|0x00000000d0000000, 0x00000000d0100000, 0x00000000d0100000|100%| O|  |TAMS 0x00000000d0100000, 0x00000000d0000000| Untracked 
| 513|0x00000000d0100000, 0x00000000d0200000, 0x00000000d0200000|100%| O|  |TAMS 0x00000000d0200000, 0x00000000d0100000| Untracked 
| 514|0x00000000d0200000, 0x00000000d0200000, 0x00000000d0300000|  0%| F|  |TAMS 0x00000000d0200000, 0x00000000d0200000| Untracked 
| 515|0x00000000d0300000, 0x00000000d0300000, 0x00000000d0400000|  0%| F|  |TAMS 0x00000000d0300000, 0x00000000d0300000| Untracked 
| 516|0x00000000d0400000, 0x00000000d04ffff8, 0x00000000d0500000| 99%| O|  |TAMS 0x00000000d04ffff8, 0x00000000d0400000| Updating 
| 517|0x00000000d0500000, 0x00000000d0600000, 0x00000000d0600000|100%| O|  |TAMS 0x00000000d0600000, 0x00000000d0500000| Untracked 
| 518|0x00000000d0600000, 0x00000000d06ffff0, 0x00000000d0700000| 99%| O|  |TAMS 0x00000000d06ffff0, 0x00000000d0600000| Updating 
| 519|0x00000000d0700000, 0x00000000d07ffff0, 0x00000000d0800000| 99%| O|  |TAMS 0x00000000d07ffff0, 0x00000000d0700000| Updating 
| 520|0x00000000d0800000, 0x00000000d0900000, 0x00000000d0900000|100%| O|  |TAMS 0x00000000d0900000, 0x00000000d0800000| Updating 
| 521|0x00000000d0900000, 0x00000000d09fffd8, 0x00000000d0a00000| 99%| O|  |TAMS 0x00000000d09fffd8, 0x00000000d0900000| Updating 
| 522|0x00000000d0a00000, 0x00000000d0a00000, 0x00000000d0b00000|  0%| F|  |TAMS 0x00000000d0a00000, 0x00000000d0a00000| Untracked 
| 523|0x00000000d0b00000, 0x00000000d0c00000, 0x00000000d0c00000|100%| O|  |TAMS 0x00000000d0c00000, 0x00000000d0b00000| Untracked 
| 524|0x00000000d0c00000, 0x00000000d0cffff0, 0x00000000d0d00000| 99%| O|  |TAMS 0x00000000d0cffff0, 0x00000000d0c00000| Updating 
| 525|0x00000000d0d00000, 0x00000000d0e00000, 0x00000000d0e00000|100%| O|  |TAMS 0x00000000d0e00000, 0x00000000d0d00000| Updating 
| 526|0x00000000d0e00000, 0x00000000d0f00000, 0x00000000d0f00000|100%| O|  |TAMS 0x00000000d0f00000, 0x00000000d0e00000| Updating 
| 527|0x00000000d0f00000, 0x00000000d1000000, 0x00000000d1000000|100%| O|  |TAMS 0x00000000d1000000, 0x00000000d0f00000| Untracked 
| 528|0x00000000d1000000, 0x00000000d10fffb0, 0x00000000d1100000| 99%| O|  |TAMS 0x00000000d10fffb0, 0x00000000d1000000| Updating 
| 529|0x00000000d1100000, 0x00000000d1200000, 0x00000000d1200000|100%| O|  |TAMS 0x00000000d1200000, 0x00000000d1100000| Updating 
| 530|0x00000000d1200000, 0x00000000d1300000, 0x00000000d1300000|100%| O|  |TAMS 0x00000000d1300000, 0x00000000d1200000| Untracked 
| 531|0x00000000d1300000, 0x00000000d1400000, 0x00000000d1400000|100%| O|  |TAMS 0x00000000d1400000, 0x00000000d1300000| Untracked 
| 532|0x00000000d1400000, 0x00000000d1400000, 0x00000000d1500000|  0%| F|  |TAMS 0x00000000d1400000, 0x00000000d1400000| Untracked 
| 533|0x00000000d1500000, 0x00000000d1600000, 0x00000000d1600000|100%| O|  |TAMS 0x00000000d1600000, 0x00000000d1500000| Untracked 
| 534|0x00000000d1600000, 0x00000000d1700000, 0x00000000d1700000|100%| O|  |TAMS 0x00000000d1700000, 0x00000000d1600000| Untracked 
| 535|0x00000000d1700000, 0x00000000d1800000, 0x00000000d1800000|100%| O|  |TAMS 0x00000000d1800000, 0x00000000d1700000| Untracked 
| 536|0x00000000d1800000, 0x00000000d18fffe0, 0x00000000d1900000| 99%| O|  |TAMS 0x00000000d18fffe0, 0x00000000d1800000| Updating 
| 537|0x00000000d1900000, 0x00000000d1a00000, 0x00000000d1a00000|100%| O|  |TAMS 0x00000000d1a00000, 0x00000000d1900000| Untracked 
| 538|0x00000000d1a00000, 0x00000000d1b00000, 0x00000000d1b00000|100%| O|  |TAMS 0x00000000d1b00000, 0x00000000d1a00000| Untracked 
| 539|0x00000000d1b00000, 0x00000000d1c00000, 0x00000000d1c00000|100%| O|  |TAMS 0x00000000d1c00000, 0x00000000d1b00000| Untracked 
| 540|0x00000000d1c00000, 0x00000000d1c00000, 0x00000000d1d00000|  0%| F|  |TAMS 0x00000000d1c00000, 0x00000000d1c00000| Untracked 
| 541|0x00000000d1d00000, 0x00000000d1e00000, 0x00000000d1e00000|100%| O|  |TAMS 0x00000000d1e00000, 0x00000000d1d00000| Updating 
| 542|0x00000000d1e00000, 0x00000000d1f00000, 0x00000000d1f00000|100%| O|  |TAMS 0x00000000d1f00000, 0x00000000d1e00000| Updating 
| 543|0x00000000d1f00000, 0x00000000d2000000, 0x00000000d2000000|100%| O|  |TAMS 0x00000000d2000000, 0x00000000d1f00000| Untracked 
| 544|0x00000000d2000000, 0x00000000d20ffff0, 0x00000000d2100000| 99%| O|  |TAMS 0x00000000d20ffff0, 0x00000000d2000000| Updating 
| 545|0x00000000d2100000, 0x00000000d2200000, 0x00000000d2200000|100%| O|  |TAMS 0x00000000d2200000, 0x00000000d2100000| Untracked 
| 546|0x00000000d2200000, 0x00000000d22fff48, 0x00000000d2300000| 99%| O|  |TAMS 0x00000000d22fff48, 0x00000000d2200000| Untracked 
| 547|0x00000000d2300000, 0x00000000d23ffff8, 0x00000000d2400000| 99%| O|  |TAMS 0x00000000d23ffff8, 0x00000000d2300000| Updating 
| 548|0x00000000d2400000, 0x00000000d2500000, 0x00000000d2500000|100%| O|  |TAMS 0x00000000d2500000, 0x00000000d2400000| Updating 
| 549|0x00000000d2500000, 0x00000000d2600000, 0x00000000d2600000|100%| O|  |TAMS 0x00000000d2600000, 0x00000000d2500000| Untracked 
| 550|0x00000000d2600000, 0x00000000d2700000, 0x00000000d2700000|100%| O|  |TAMS 0x00000000d2700000, 0x00000000d2600000| Untracked 
| 551|0x00000000d2700000, 0x00000000d2800000, 0x00000000d2800000|100%| O|  |TAMS 0x00000000d2800000, 0x00000000d2700000| Untracked 
| 552|0x00000000d2800000, 0x00000000d2900000, 0x00000000d2900000|100%| O|  |TAMS 0x00000000d2900000, 0x00000000d2800000| Updating 
| 553|0x00000000d2900000, 0x00000000d2a00000, 0x00000000d2a00000|100%| O|  |TAMS 0x00000000d2a00000, 0x00000000d2900000| Updating 
| 554|0x00000000d2a00000, 0x00000000d2a00000, 0x00000000d2b00000|  0%| F|  |TAMS 0x00000000d2a00000, 0x00000000d2a00000| Untracked 
| 555|0x00000000d2b00000, 0x00000000d2c00000, 0x00000000d2c00000|100%| O|  |TAMS 0x00000000d2c00000, 0x00000000d2b00000| Updating 
| 556|0x00000000d2c00000, 0x00000000d2c00000, 0x00000000d2d00000|  0%| F|  |TAMS 0x00000000d2c00000, 0x00000000d2c00000| Untracked 
| 557|0x00000000d2d00000, 0x00000000d2dffff0, 0x00000000d2e00000| 99%| O|  |TAMS 0x00000000d2dffff0, 0x00000000d2d00000| Updating 
| 558|0x00000000d2e00000, 0x00000000d2e00000, 0x00000000d2f00000|  0%| F|  |TAMS 0x00000000d2e00000, 0x00000000d2e00000| Untracked 
| 559|0x00000000d2f00000, 0x00000000d2f00000, 0x00000000d3000000|  0%| F|  |TAMS 0x00000000d2f00000, 0x00000000d2f00000| Untracked 
| 560|0x00000000d3000000, 0x00000000d3000000, 0x00000000d3100000|  0%| F|  |TAMS 0x00000000d3000000, 0x00000000d3000000| Untracked 
| 561|0x00000000d3100000, 0x00000000d3100000, 0x00000000d3200000|  0%| F|  |TAMS 0x00000000d3100000, 0x00000000d3100000| Untracked 
| 562|0x00000000d3200000, 0x00000000d32fffa0, 0x00000000d3300000| 99%| O|  |TAMS 0x00000000d32fffa0, 0x00000000d3200000| Updating 
| 563|0x00000000d3300000, 0x00000000d3300000, 0x00000000d3400000|  0%| F|  |TAMS 0x00000000d3300000, 0x00000000d3300000| Untracked 
| 564|0x00000000d3400000, 0x00000000d3500000, 0x00000000d3500000|100%| O|  |TAMS 0x00000000d3500000, 0x00000000d3400000| Updating 
| 565|0x00000000d3500000, 0x00000000d3600000, 0x00000000d3600000|100%| O|  |TAMS 0x00000000d3600000, 0x00000000d3500000| Untracked 
| 566|0x00000000d3600000, 0x00000000d3600000, 0x00000000d3700000|  0%| F|  |TAMS 0x00000000d3600000, 0x00000000d3600000| Untracked 
| 567|0x00000000d3700000, 0x00000000d37ffff8, 0x00000000d3800000| 99%| O|  |TAMS 0x00000000d37ffff8, 0x00000000d3700000| Updating 
| 568|0x00000000d3800000, 0x00000000d3800000, 0x00000000d3900000|  0%| F|  |TAMS 0x00000000d3800000, 0x00000000d3800000| Untracked 
| 569|0x00000000d3900000, 0x00000000d3900000, 0x00000000d3a00000|  0%| F|  |TAMS 0x00000000d3900000, 0x00000000d3900000| Untracked 
| 570|0x00000000d3a00000, 0x00000000d3b00000, 0x00000000d3b00000|100%| O|  |TAMS 0x00000000d3b00000, 0x00000000d3a00000| Untracked 
| 571|0x00000000d3b00000, 0x00000000d3bffff8, 0x00000000d3c00000| 99%| O|  |TAMS 0x00000000d3bffff8, 0x00000000d3b00000| Updating 
| 572|0x00000000d3c00000, 0x00000000d3c00000, 0x00000000d3d00000|  0%| F|  |TAMS 0x00000000d3c00000, 0x00000000d3c00000| Untracked 
| 573|0x00000000d3d00000, 0x00000000d3d00000, 0x00000000d3e00000|  0%| F|  |TAMS 0x00000000d3d00000, 0x00000000d3d00000| Untracked 
| 574|0x00000000d3e00000, 0x00000000d3f00000, 0x00000000d3f00000|100%| O|  |TAMS 0x00000000d3f00000, 0x00000000d3e00000| Untracked 
| 575|0x00000000d3f00000, 0x00000000d4000000, 0x00000000d4000000|100%| O|  |TAMS 0x00000000d4000000, 0x00000000d3f00000| Updating 
| 576|0x00000000d4000000, 0x00000000d4000000, 0x00000000d4100000|  0%| F|  |TAMS 0x00000000d4000000, 0x00000000d4000000| Untracked 
| 577|0x00000000d4100000, 0x00000000d4100000, 0x00000000d4200000|  0%| F|  |TAMS 0x00000000d4100000, 0x00000000d4100000| Untracked 
| 578|0x00000000d4200000, 0x00000000d4200000, 0x00000000d4300000|  0%| F|  |TAMS 0x00000000d4200000, 0x00000000d4200000| Untracked 
| 579|0x00000000d4300000, 0x00000000d4300000, 0x00000000d4400000|  0%| F|  |TAMS 0x00000000d4300000, 0x00000000d4300000| Untracked 
| 580|0x00000000d4400000, 0x00000000d44fffa0, 0x00000000d4500000| 99%| O|  |TAMS 0x00000000d44fffa0, 0x00000000d4400000| Updating 
| 581|0x00000000d4500000, 0x00000000d4500000, 0x00000000d4600000|  0%| F|  |TAMS 0x00000000d4500000, 0x00000000d4500000| Untracked 
| 582|0x00000000d4600000, 0x00000000d4600000, 0x00000000d4700000|  0%| F|  |TAMS 0x00000000d4600000, 0x00000000d4600000| Untracked 
| 583|0x00000000d4700000, 0x00000000d4800000, 0x00000000d4800000|100%| O|  |TAMS 0x00000000d4800000, 0x00000000d4700000| Untracked 
| 584|0x00000000d4800000, 0x00000000d4800000, 0x00000000d4900000|  0%| F|  |TAMS 0x00000000d4800000, 0x00000000d4800000| Untracked 
| 585|0x00000000d4900000, 0x00000000d4a00000, 0x00000000d4a00000|100%| O|  |TAMS 0x00000000d4a00000, 0x00000000d4900000| Untracked 
| 586|0x00000000d4a00000, 0x00000000d4a00000, 0x00000000d4b00000|  0%| F|  |TAMS 0x00000000d4a00000, 0x00000000d4a00000| Untracked 
| 587|0x00000000d4b00000, 0x00000000d4b00000, 0x00000000d4c00000|  0%| F|  |TAMS 0x00000000d4b00000, 0x00000000d4b00000| Untracked 
| 588|0x00000000d4c00000, 0x00000000d4d00000, 0x00000000d4d00000|100%| O|  |TAMS 0x00000000d4d00000, 0x00000000d4c00000| Updating 
| 589|0x00000000d4d00000, 0x00000000d4e00000, 0x00000000d4e00000|100%| O|  |TAMS 0x00000000d4e00000, 0x00000000d4d00000| Updating 
| 590|0x00000000d4e00000, 0x00000000d4f00000, 0x00000000d4f00000|100%| O|  |TAMS 0x00000000d4f00000, 0x00000000d4e00000| Untracked 
| 591|0x00000000d4f00000, 0x00000000d4fffc20, 0x00000000d5000000| 99%| O|  |TAMS 0x00000000d4fffc20, 0x00000000d4f00000| Updating 
| 592|0x00000000d5000000, 0x00000000d50ffff8, 0x00000000d5100000| 99%| O|  |TAMS 0x00000000d50ffff8, 0x00000000d5000000| Updating 
| 593|0x00000000d5100000, 0x00000000d5200000, 0x00000000d5200000|100%|HS|  |TAMS 0x00000000d5200000, 0x00000000d5100000| Complete 
| 594|0x00000000d5200000, 0x00000000d5300000, 0x00000000d5300000|100%| O|  |TAMS 0x00000000d5300000, 0x00000000d5200000| Untracked 
| 595|0x00000000d5300000, 0x00000000d5400000, 0x00000000d5400000|100%| O|  |TAMS 0x00000000d5400000, 0x00000000d5300000| Untracked 
| 596|0x00000000d5400000, 0x00000000d54fffa0, 0x00000000d5500000| 99%| O|  |TAMS 0x00000000d54fffa0, 0x00000000d5400000| Untracked 
| 597|0x00000000d5500000, 0x00000000d5600000, 0x00000000d5600000|100%| O|  |TAMS 0x00000000d5600000, 0x00000000d5500000| Untracked 
| 598|0x00000000d5600000, 0x00000000d5600000, 0x00000000d5700000|  0%| F|  |TAMS 0x00000000d5600000, 0x00000000d5600000| Untracked 
| 599|0x00000000d5700000, 0x00000000d5700000, 0x00000000d5800000|  0%| F|  |TAMS 0x00000000d5700000, 0x00000000d5700000| Untracked 
| 600|0x00000000d5800000, 0x00000000d5900000, 0x00000000d5900000|100%| O|  |TAMS 0x00000000d5900000, 0x00000000d5800000| Untracked 
| 601|0x00000000d5900000, 0x00000000d5a00000, 0x00000000d5a00000|100%| O|  |TAMS 0x00000000d5a00000, 0x00000000d5900000| Untracked 
| 602|0x00000000d5a00000, 0x00000000d5b00000, 0x00000000d5b00000|100%| O|  |TAMS 0x00000000d5b00000, 0x00000000d5a00000| Untracked 
| 603|0x00000000d5b00000, 0x00000000d5b00000, 0x00000000d5c00000|  0%| F|  |TAMS 0x00000000d5b00000, 0x00000000d5b00000| Untracked 
| 604|0x00000000d5c00000, 0x00000000d5d00000, 0x00000000d5d00000|100%| O|  |TAMS 0x00000000d5d00000, 0x00000000d5c00000| Untracked 
| 605|0x00000000d5d00000, 0x00000000d5e00000, 0x00000000d5e00000|100%| O|  |TAMS 0x00000000d5e00000, 0x00000000d5d00000| Updating 
| 606|0x00000000d5e00000, 0x00000000d5effff8, 0x00000000d5f00000| 99%| O|  |TAMS 0x00000000d5effff8, 0x00000000d5e00000| Updating 
| 607|0x00000000d5f00000, 0x00000000d5f00000, 0x00000000d6000000|  0%| F|  |TAMS 0x00000000d5f00000, 0x00000000d5f00000| Untracked 
| 608|0x00000000d6000000, 0x00000000d6100000, 0x00000000d6100000|100%| O|  |TAMS 0x00000000d6100000, 0x00000000d6000000| Updating 
| 609|0x00000000d6100000, 0x00000000d61ffff8, 0x00000000d6200000| 99%| O|  |TAMS 0x00000000d61ffff8, 0x00000000d6100000| Updating 
| 610|0x00000000d6200000, 0x00000000d62ffff0, 0x00000000d6300000| 99%| O|  |TAMS 0x00000000d62ffff0, 0x00000000d6200000| Updating 
| 611|0x00000000d6300000, 0x00000000d6400000, 0x00000000d6400000|100%| O|  |TAMS 0x00000000d6400000, 0x00000000d6300000| Updating 
| 612|0x00000000d6400000, 0x00000000d6500000, 0x00000000d6500000|100%| O|  |TAMS 0x00000000d6500000, 0x00000000d6400000| Untracked 
| 613|0x00000000d6500000, 0x00000000d6600000, 0x00000000d6600000|100%| O|  |TAMS 0x00000000d6600000, 0x00000000d6500000| Untracked 
| 614|0x00000000d6600000, 0x00000000d6600000, 0x00000000d6700000|  0%| F|  |TAMS 0x00000000d6600000, 0x00000000d6600000| Untracked 
| 615|0x00000000d6700000, 0x00000000d67ffff8, 0x00000000d6800000| 99%| O|  |TAMS 0x00000000d67ffff8, 0x00000000d6700000| Updating 
| 616|0x00000000d6800000, 0x00000000d6800000, 0x00000000d6900000|  0%| F|  |TAMS 0x00000000d6800000, 0x00000000d6800000| Untracked 
| 617|0x00000000d6900000, 0x00000000d6900000, 0x00000000d6a00000|  0%| F|  |TAMS 0x00000000d6900000, 0x00000000d6900000| Untracked 
| 618|0x00000000d6a00000, 0x00000000d6b00000, 0x00000000d6b00000|100%| O|  |TAMS 0x00000000d6b00000, 0x00000000d6a00000| Untracked 
| 619|0x00000000d6b00000, 0x00000000d6b00000, 0x00000000d6c00000|  0%| F|  |TAMS 0x00000000d6b00000, 0x00000000d6b00000| Untracked 
| 620|0x00000000d6c00000, 0x00000000d6d00000, 0x00000000d6d00000|100%| O|  |TAMS 0x00000000d6d00000, 0x00000000d6c00000| Untracked 
| 621|0x00000000d6d00000, 0x00000000d6e00000, 0x00000000d6e00000|100%| O|  |TAMS 0x00000000d6e00000, 0x00000000d6d00000| Untracked 
| 622|0x00000000d6e00000, 0x00000000d6f00000, 0x00000000d6f00000|100%| O|  |TAMS 0x00000000d6f00000, 0x00000000d6e00000| Updating 
| 623|0x00000000d6f00000, 0x00000000d7000000, 0x00000000d7000000|100%| O|  |TAMS 0x00000000d7000000, 0x00000000d6f00000| Updating 
| 624|0x00000000d7000000, 0x00000000d7100000, 0x00000000d7100000|100%| O|  |TAMS 0x00000000d7100000, 0x00000000d7000000| Untracked 
| 625|0x00000000d7100000, 0x00000000d7100000, 0x00000000d7200000|  0%| F|  |TAMS 0x00000000d7100000, 0x00000000d7100000| Untracked 
| 626|0x00000000d7200000, 0x00000000d7200000, 0x00000000d7300000|  0%| F|  |TAMS 0x00000000d7200000, 0x00000000d7200000| Untracked 
| 627|0x00000000d7300000, 0x00000000d73ffff0, 0x00000000d7400000| 99%| O|  |TAMS 0x00000000d73ffff0, 0x00000000d7300000| Updating 
| 628|0x00000000d7400000, 0x00000000d7400000, 0x00000000d7500000|  0%| F|  |TAMS 0x00000000d7400000, 0x00000000d7400000| Untracked 
| 629|0x00000000d7500000, 0x00000000d7500000, 0x00000000d7600000|  0%| F|  |TAMS 0x00000000d7500000, 0x00000000d7500000| Untracked 
| 630|0x00000000d7600000, 0x00000000d7600000, 0x00000000d7700000|  0%| F|  |TAMS 0x00000000d7600000, 0x00000000d7600000| Untracked 
| 631|0x00000000d7700000, 0x00000000d7700000, 0x00000000d7800000|  0%| F|  |TAMS 0x00000000d7700000, 0x00000000d7700000| Untracked 
| 632|0x00000000d7800000, 0x00000000d7800000, 0x00000000d7900000|  0%| F|  |TAMS 0x00000000d7800000, 0x00000000d7800000| Untracked 
| 633|0x00000000d7900000, 0x00000000d7900000, 0x00000000d7a00000|  0%| F|  |TAMS 0x00000000d7900000, 0x00000000d7900000| Untracked 
| 634|0x00000000d7a00000, 0x00000000d7a00000, 0x00000000d7b00000|  0%| F|  |TAMS 0x00000000d7a00000, 0x00000000d7a00000| Untracked 
| 635|0x00000000d7b00000, 0x00000000d7b00000, 0x00000000d7c00000|  0%| F|  |TAMS 0x00000000d7b00000, 0x00000000d7b00000| Untracked 
| 636|0x00000000d7c00000, 0x00000000d7d00000, 0x00000000d7d00000|100%|HS|  |TAMS 0x00000000d7d00000, 0x00000000d7c00000| Complete 
| 637|0x00000000d7d00000, 0x00000000d7e00000, 0x00000000d7e00000|100%|HC|  |TAMS 0x00000000d7e00000, 0x00000000d7d00000| Complete 
| 638|0x00000000d7e00000, 0x00000000d7f00000, 0x00000000d7f00000|100%| O|  |TAMS 0x00000000d7f00000, 0x00000000d7e00000| Updating 
| 639|0x00000000d7f00000, 0x00000000d7ffffe0, 0x00000000d8000000| 99%| O|  |TAMS 0x00000000d7ffffe0, 0x00000000d7f00000| Updating 
| 640|0x00000000d8000000, 0x00000000d8100000, 0x00000000d8100000|100%| O|  |TAMS 0x00000000d8100000, 0x00000000d8000000| Updating 
| 641|0x00000000d8100000, 0x00000000d8100000, 0x00000000d8200000|  0%| F|  |TAMS 0x00000000d8100000, 0x00000000d8100000| Untracked 
| 642|0x00000000d8200000, 0x00000000d8200000, 0x00000000d8300000|  0%| F|  |TAMS 0x00000000d8200000, 0x00000000d8200000| Untracked 
| 643|0x00000000d8300000, 0x00000000d83fffc0, 0x00000000d8400000| 99%| O|  |TAMS 0x00000000d83fffc0, 0x00000000d8300000| Updating 
| 644|0x00000000d8400000, 0x00000000d8400000, 0x00000000d8500000|  0%| F|  |TAMS 0x00000000d8400000, 0x00000000d8400000| Untracked 
| 645|0x00000000d8500000, 0x00000000d8600000, 0x00000000d8600000|100%| O|  |TAMS 0x00000000d8600000, 0x00000000d8500000| Updating 
| 646|0x00000000d8600000, 0x00000000d86e98d8, 0x00000000d8700000| 91%| O|  |TAMS 0x00000000d86e98d8, 0x00000000d8600000| Updating 
| 647|0x00000000d8700000, 0x00000000d8700000, 0x00000000d8800000|  0%| F|  |TAMS 0x00000000d8700000, 0x00000000d8700000| Untracked 
| 648|0x00000000d8800000, 0x00000000d8800000, 0x00000000d8900000|  0%| F|  |TAMS 0x00000000d8800000, 0x00000000d8800000| Untracked 
| 649|0x00000000d8900000, 0x00000000d8900000, 0x00000000d8a00000|  0%| F|  |TAMS 0x00000000d8900000, 0x00000000d8900000| Untracked 
| 650|0x00000000d8a00000, 0x00000000d8b00000, 0x00000000d8b00000|100%| O|  |TAMS 0x00000000d8b00000, 0x00000000d8a00000| Untracked 
| 651|0x00000000d8b00000, 0x00000000d8b00000, 0x00000000d8c00000|  0%| F|  |TAMS 0x00000000d8b00000, 0x00000000d8b00000| Untracked 
| 652|0x00000000d8c00000, 0x00000000d8c00000, 0x00000000d8d00000|  0%| F|  |TAMS 0x00000000d8c00000, 0x00000000d8c00000| Untracked 
| 653|0x00000000d8d00000, 0x00000000d8d00000, 0x00000000d8e00000|  0%| F|  |TAMS 0x00000000d8d00000, 0x00000000d8d00000| Untracked 
| 654|0x00000000d8e00000, 0x00000000d8effff0, 0x00000000d8f00000| 99%| O|  |TAMS 0x00000000d8effff0, 0x00000000d8e00000| Updating 
| 655|0x00000000d8f00000, 0x00000000d8f00000, 0x00000000d9000000|  0%| F|  |TAMS 0x00000000d8f00000, 0x00000000d8f00000| Untracked 
| 656|0x00000000d9000000, 0x00000000d9000000, 0x00000000d9100000|  0%| F|  |TAMS 0x00000000d9000000, 0x00000000d9000000| Untracked 
| 657|0x00000000d9100000, 0x00000000d9100000, 0x00000000d9200000|  0%| F|  |TAMS 0x00000000d9100000, 0x00000000d9100000| Untracked 
| 658|0x00000000d9200000, 0x00000000d9200000, 0x00000000d9300000|  0%| F|  |TAMS 0x00000000d9200000, 0x00000000d9200000| Untracked 
| 659|0x00000000d9300000, 0x00000000d9300000, 0x00000000d9400000|  0%| F|  |TAMS 0x00000000d9300000, 0x00000000d9300000| Untracked 
| 660|0x00000000d9400000, 0x00000000d9500000, 0x00000000d9500000|100%| O|  |TAMS 0x00000000d9500000, 0x00000000d9400000| Updating 
| 661|0x00000000d9500000, 0x00000000d9600000, 0x00000000d9600000|100%| O|  |TAMS 0x00000000d9600000, 0x00000000d9500000| Updating 
| 662|0x00000000d9600000, 0x00000000d9600000, 0x00000000d9700000|  0%| F|  |TAMS 0x00000000d9600000, 0x00000000d9600000| Untracked 
| 663|0x00000000d9700000, 0x00000000d9800000, 0x00000000d9800000|100%| O|  |TAMS 0x00000000d9800000, 0x00000000d9700000| Updating 
| 664|0x00000000d9800000, 0x00000000d9900000, 0x00000000d9900000|100%| O|  |TAMS 0x00000000d9900000, 0x00000000d9800000| Updating 
| 665|0x00000000d9900000, 0x00000000d9900000, 0x00000000d9a00000|  0%| F|  |TAMS 0x00000000d9900000, 0x00000000d9900000| Untracked 
| 666|0x00000000d9a00000, 0x00000000d9a00000, 0x00000000d9b00000|  0%| F|  |TAMS 0x00000000d9a00000, 0x00000000d9a00000| Untracked 
| 667|0x00000000d9b00000, 0x00000000d9b00000, 0x00000000d9c00000|  0%| F|  |TAMS 0x00000000d9b00000, 0x00000000d9b00000| Untracked 
| 668|0x00000000d9c00000, 0x00000000d9c00000, 0x00000000d9d00000|  0%| F|  |TAMS 0x00000000d9c00000, 0x00000000d9c00000| Untracked 
| 669|0x00000000d9d00000, 0x00000000d9e00000, 0x00000000d9e00000|100%| O|  |TAMS 0x00000000d9e00000, 0x00000000d9d00000| Updating 
| 670|0x00000000d9e00000, 0x00000000d9f00000, 0x00000000d9f00000|100%| O|  |TAMS 0x00000000d9f00000, 0x00000000d9e00000| Untracked 
| 671|0x00000000d9f00000, 0x00000000da000000, 0x00000000da000000|100%| O|  |TAMS 0x00000000da000000, 0x00000000d9f00000| Updating 
| 672|0x00000000da000000, 0x00000000da000000, 0x00000000da100000|  0%| F|  |TAMS 0x00000000da000000, 0x00000000da000000| Untracked 
| 673|0x00000000da100000, 0x00000000da100000, 0x00000000da200000|  0%| F|  |TAMS 0x00000000da100000, 0x00000000da100000| Untracked 
| 674|0x00000000da200000, 0x00000000da200000, 0x00000000da300000|  0%| F|  |TAMS 0x00000000da200000, 0x00000000da200000| Untracked 
| 675|0x00000000da300000, 0x00000000da300000, 0x00000000da400000|  0%| F|  |TAMS 0x00000000da300000, 0x00000000da300000| Untracked 
| 676|0x00000000da400000, 0x00000000da4ffff8, 0x00000000da500000| 99%| O|  |TAMS 0x00000000da4ffff8, 0x00000000da400000| Untracked 
| 677|0x00000000da500000, 0x00000000da5ffff0, 0x00000000da600000| 99%| O|  |TAMS 0x00000000da5ffff0, 0x00000000da500000| Updating 
| 678|0x00000000da600000, 0x00000000da700000, 0x00000000da700000|100%| O|  |TAMS 0x00000000da700000, 0x00000000da600000| Untracked 
| 679|0x00000000da700000, 0x00000000da800000, 0x00000000da800000|100%| O|  |TAMS 0x00000000da800000, 0x00000000da700000| Untracked 
| 680|0x00000000da800000, 0x00000000da900000, 0x00000000da900000|100%| O|  |TAMS 0x00000000da900000, 0x00000000da800000| Updating 
| 681|0x00000000da900000, 0x00000000daa00000, 0x00000000daa00000|100%| O|  |TAMS 0x00000000daa00000, 0x00000000da900000| Untracked 
| 682|0x00000000daa00000, 0x00000000daa00000, 0x00000000dab00000|  0%| F|  |TAMS 0x00000000daa00000, 0x00000000daa00000| Untracked 
| 683|0x00000000dab00000, 0x00000000dab00000, 0x00000000dac00000|  0%| F|  |TAMS 0x00000000dab00000, 0x00000000dab00000| Untracked 
| 684|0x00000000dac00000, 0x00000000dad00000, 0x00000000dad00000|100%| O|  |TAMS 0x00000000dad00000, 0x00000000dac00000| Updating 
| 685|0x00000000dad00000, 0x00000000dae00000, 0x00000000dae00000|100%| O|  |TAMS 0x00000000dae00000, 0x00000000dad00000| Updating 
| 686|0x00000000dae00000, 0x00000000dae00000, 0x00000000daf00000|  0%| F|  |TAMS 0x00000000dae00000, 0x00000000dae00000| Untracked 
| 687|0x00000000daf00000, 0x00000000db000000, 0x00000000db000000|100%| O|  |TAMS 0x00000000db000000, 0x00000000daf00000| Updating 
| 688|0x00000000db000000, 0x00000000db0ffff0, 0x00000000db100000| 99%| O|  |TAMS 0x00000000db0ffff0, 0x00000000db000000| Updating 
| 689|0x00000000db100000, 0x00000000db100000, 0x00000000db200000|  0%| F|  |TAMS 0x00000000db100000, 0x00000000db100000| Untracked 
| 690|0x00000000db200000, 0x00000000db200000, 0x00000000db300000|  0%| F|  |TAMS 0x00000000db200000, 0x00000000db200000| Untracked 
| 691|0x00000000db300000, 0x00000000db400000, 0x00000000db400000|100%|HS|  |TAMS 0x00000000db400000, 0x00000000db300000| Untracked 
| 692|0x00000000db400000, 0x00000000db500000, 0x00000000db500000|100%|HC|  |TAMS 0x00000000db500000, 0x00000000db400000| Untracked 
| 693|0x00000000db500000, 0x00000000db600000, 0x00000000db600000|100%| O|  |TAMS 0x00000000db600000, 0x00000000db500000| Untracked 
| 694|0x00000000db600000, 0x00000000db700000, 0x00000000db700000|100%| O|  |TAMS 0x00000000db700000, 0x00000000db600000| Untracked 
| 695|0x00000000db700000, 0x00000000db800000, 0x00000000db800000|100%| O|  |TAMS 0x00000000db800000, 0x00000000db700000| Updating 
| 696|0x00000000db800000, 0x00000000db900000, 0x00000000db900000|100%| O|  |TAMS 0x00000000db900000, 0x00000000db800000| Updating 
| 697|0x00000000db900000, 0x00000000dba00000, 0x00000000dba00000|100%| O|  |TAMS 0x00000000dba00000, 0x00000000db900000| Updating 
| 698|0x00000000dba00000, 0x00000000dba00000, 0x00000000dbb00000|  0%| F|  |TAMS 0x00000000dba00000, 0x00000000dba00000| Untracked 
| 699|0x00000000dbb00000, 0x00000000dbb00000, 0x00000000dbc00000|  0%| F|  |TAMS 0x00000000dbb00000, 0x00000000dbb00000| Untracked 
| 700|0x00000000dbc00000, 0x00000000dbc00000, 0x00000000dbd00000|  0%| F|  |TAMS 0x00000000dbc00000, 0x00000000dbc00000| Untracked 
| 701|0x00000000dbd00000, 0x00000000dbd00000, 0x00000000dbe00000|  0%| F|  |TAMS 0x00000000dbd00000, 0x00000000dbd00000| Untracked 
| 702|0x00000000dbe00000, 0x00000000dbf00000, 0x00000000dbf00000|100%| O|  |TAMS 0x00000000dbf00000, 0x00000000dbe00000| Untracked 
| 703|0x00000000dbf00000, 0x00000000dc000000, 0x00000000dc000000|100%| O|  |TAMS 0x00000000dc000000, 0x00000000dbf00000| Untracked 
| 704|0x00000000dc000000, 0x00000000dc100000, 0x00000000dc100000|100%| O|  |TAMS 0x00000000dc100000, 0x00000000dc000000| Updating 
| 705|0x00000000dc100000, 0x00000000dc200000, 0x00000000dc200000|100%| O|  |TAMS 0x00000000dc200000, 0x00000000dc100000| Updating 
| 706|0x00000000dc200000, 0x00000000dc300000, 0x00000000dc300000|100%| O|  |TAMS 0x00000000dc300000, 0x00000000dc200000| Untracked 
| 707|0x00000000dc300000, 0x00000000dc400000, 0x00000000dc400000|100%| O|  |TAMS 0x00000000dc400000, 0x00000000dc300000| Updating 
| 708|0x00000000dc400000, 0x00000000dc500000, 0x00000000dc500000|100%| O|  |TAMS 0x00000000dc500000, 0x00000000dc400000| Untracked 
| 709|0x00000000dc500000, 0x00000000dc500000, 0x00000000dc600000|  0%| F|  |TAMS 0x00000000dc500000, 0x00000000dc500000| Untracked 
| 710|0x00000000dc600000, 0x00000000dc600000, 0x00000000dc700000|  0%| F|  |TAMS 0x00000000dc600000, 0x00000000dc600000| Untracked 
| 711|0x00000000dc700000, 0x00000000dc700000, 0x00000000dc800000|  0%| F|  |TAMS 0x00000000dc700000, 0x00000000dc700000| Untracked 
| 712|0x00000000dc800000, 0x00000000dc800000, 0x00000000dc900000|  0%| F|  |TAMS 0x00000000dc800000, 0x00000000dc800000| Untracked 
| 713|0x00000000dc900000, 0x00000000dc900000, 0x00000000dca00000|  0%| F|  |TAMS 0x00000000dc900000, 0x00000000dc900000| Untracked 
| 714|0x00000000dca00000, 0x00000000dca00000, 0x00000000dcb00000|  0%| F|  |TAMS 0x00000000dca00000, 0x00000000dca00000| Untracked 
| 715|0x00000000dcb00000, 0x00000000dcc00000, 0x00000000dcc00000|100%| O|  |TAMS 0x00000000dcc00000, 0x00000000dcb00000| Untracked 
| 716|0x00000000dcc00000, 0x00000000dccffff0, 0x00000000dcd00000| 99%| O|  |TAMS 0x00000000dccffff0, 0x00000000dcc00000| Untracked 
| 717|0x00000000dcd00000, 0x00000000dcd00000, 0x00000000dce00000|  0%| F|  |TAMS 0x00000000dcd00000, 0x00000000dcd00000| Untracked 
| 718|0x00000000dce00000, 0x00000000dcf00000, 0x00000000dcf00000|100%| O|  |TAMS 0x00000000dcf00000, 0x00000000dce00000| Updating 
| 719|0x00000000dcf00000, 0x00000000dcf00000, 0x00000000dd000000|  0%| F|  |TAMS 0x00000000dcf00000, 0x00000000dcf00000| Untracked 
| 720|0x00000000dd000000, 0x00000000dd000000, 0x00000000dd100000|  0%| F|  |TAMS 0x00000000dd000000, 0x00000000dd000000| Untracked 
| 721|0x00000000dd100000, 0x00000000dd100000, 0x00000000dd200000|  0%| F|  |TAMS 0x00000000dd100000, 0x00000000dd100000| Untracked 
| 722|0x00000000dd200000, 0x00000000dd200000, 0x00000000dd300000|  0%| F|  |TAMS 0x00000000dd200000, 0x00000000dd200000| Untracked 
| 723|0x00000000dd300000, 0x00000000dd300000, 0x00000000dd400000|  0%| F|  |TAMS 0x00000000dd300000, 0x00000000dd300000| Untracked 
| 724|0x00000000dd400000, 0x00000000dd500000, 0x00000000dd500000|100%| O|  |TAMS 0x00000000dd500000, 0x00000000dd400000| Untracked 
| 725|0x00000000dd500000, 0x00000000dd600000, 0x00000000dd600000|100%| O|  |TAMS 0x00000000dd600000, 0x00000000dd500000| Untracked 
| 726|0x00000000dd600000, 0x00000000dd700000, 0x00000000dd700000|100%| O|  |TAMS 0x00000000dd700000, 0x00000000dd600000| Updating 
| 727|0x00000000dd700000, 0x00000000dd800000, 0x00000000dd800000|100%| O|  |TAMS 0x00000000dd800000, 0x00000000dd700000| Updating 
| 728|0x00000000dd800000, 0x00000000dd900000, 0x00000000dd900000|100%| O|  |TAMS 0x00000000dd900000, 0x00000000dd800000| Untracked 
| 729|0x00000000dd900000, 0x00000000dda00000, 0x00000000dda00000|100%| O|  |TAMS 0x00000000dda00000, 0x00000000dd900000| Updating 
| 730|0x00000000dda00000, 0x00000000ddb00000, 0x00000000ddb00000|100%| O|  |TAMS 0x00000000ddb00000, 0x00000000dda00000| Untracked 
| 731|0x00000000ddb00000, 0x00000000ddc00000, 0x00000000ddc00000|100%| O|  |TAMS 0x00000000ddc00000, 0x00000000ddb00000| Untracked 
| 732|0x00000000ddc00000, 0x00000000ddd00000, 0x00000000ddd00000|100%| O|  |TAMS 0x00000000ddd00000, 0x00000000ddc00000| Updating 
| 733|0x00000000ddd00000, 0x00000000dde00000, 0x00000000dde00000|100%| O|  |TAMS 0x00000000dde00000, 0x00000000ddd00000| Updating 
| 734|0x00000000dde00000, 0x00000000ddf00000, 0x00000000ddf00000|100%| O|  |TAMS 0x00000000ddf00000, 0x00000000dde00000| Untracked 
| 735|0x00000000ddf00000, 0x00000000ddf00000, 0x00000000de000000|  0%| F|  |TAMS 0x00000000ddf00000, 0x00000000ddf00000| Untracked 
| 736|0x00000000de000000, 0x00000000de100000, 0x00000000de100000|100%| O|  |TAMS 0x00000000de100000, 0x00000000de000000| Untracked 
| 737|0x00000000de100000, 0x00000000de200000, 0x00000000de200000|100%| O|  |TAMS 0x00000000de200000, 0x00000000de100000| Untracked 
| 738|0x00000000de200000, 0x00000000de200000, 0x00000000de300000|  0%| F|  |TAMS 0x00000000de200000, 0x00000000de200000| Untracked 
| 739|0x00000000de300000, 0x00000000de300000, 0x00000000de400000|  0%| F|  |TAMS 0x00000000de300000, 0x00000000de300000| Untracked 
| 740|0x00000000de400000, 0x00000000de400000, 0x00000000de500000|  0%| F|  |TAMS 0x00000000de400000, 0x00000000de400000| Untracked 
| 741|0x00000000de500000, 0x00000000de5fffc0, 0x00000000de600000| 99%| O|  |TAMS 0x00000000de5fffc0, 0x00000000de500000| Updating 
| 742|0x00000000de600000, 0x00000000de600000, 0x00000000de700000|  0%| F|  |TAMS 0x00000000de600000, 0x00000000de600000| Untracked 
| 743|0x00000000de700000, 0x00000000de700000, 0x00000000de800000|  0%| F|  |TAMS 0x00000000de700000, 0x00000000de700000| Untracked 
| 744|0x00000000de800000, 0x00000000de900000, 0x00000000de900000|100%| O|  |TAMS 0x00000000de900000, 0x00000000de800000| Updating 
| 745|0x00000000de900000, 0x00000000de900000, 0x00000000dea00000|  0%| F|  |TAMS 0x00000000de900000, 0x00000000de900000| Untracked 
| 746|0x00000000dea00000, 0x00000000dea00000, 0x00000000deb00000|  0%| F|  |TAMS 0x00000000dea00000, 0x00000000dea00000| Untracked 
| 747|0x00000000deb00000, 0x00000000deb00000, 0x00000000dec00000|  0%| F|  |TAMS 0x00000000deb00000, 0x00000000deb00000| Untracked 
| 748|0x00000000dec00000, 0x00000000dec00000, 0x00000000ded00000|  0%| F|  |TAMS 0x00000000dec00000, 0x00000000dec00000| Untracked 
| 749|0x00000000ded00000, 0x00000000ded00000, 0x00000000dee00000|  0%| F|  |TAMS 0x00000000ded00000, 0x00000000ded00000| Untracked 
| 750|0x00000000dee00000, 0x00000000def00000, 0x00000000def00000|100%| O|  |TAMS 0x00000000def00000, 0x00000000dee00000| Untracked 
| 751|0x00000000def00000, 0x00000000df000000, 0x00000000df000000|100%| O|  |TAMS 0x00000000df000000, 0x00000000def00000| Updating 
| 752|0x00000000df000000, 0x00000000df0fff90, 0x00000000df100000| 99%| O|  |TAMS 0x00000000df0fff90, 0x00000000df000000| Updating 
| 753|0x00000000df100000, 0x00000000df100000, 0x00000000df200000|  0%| F|  |TAMS 0x00000000df100000, 0x00000000df100000| Untracked 
| 754|0x00000000df200000, 0x00000000df200000, 0x00000000df300000|  0%| F|  |TAMS 0x00000000df200000, 0x00000000df200000| Untracked 
| 755|0x00000000df300000, 0x00000000df400000, 0x00000000df400000|100%| O|  |TAMS 0x00000000df400000, 0x00000000df300000| Updating 
| 756|0x00000000df400000, 0x00000000df400000, 0x00000000df500000|  0%| F|  |TAMS 0x00000000df400000, 0x00000000df400000| Untracked 
| 757|0x00000000df500000, 0x00000000df500000, 0x00000000df600000|  0%| F|  |TAMS 0x00000000df500000, 0x00000000df500000| Untracked 
| 758|0x00000000df600000, 0x00000000df600000, 0x00000000df700000|  0%| F|  |TAMS 0x00000000df600000, 0x00000000df600000| Untracked 
| 759|0x00000000df700000, 0x00000000df700000, 0x00000000df800000|  0%| F|  |TAMS 0x00000000df700000, 0x00000000df700000| Untracked 
| 760|0x00000000df800000, 0x00000000df800000, 0x00000000df900000|  0%| F|  |TAMS 0x00000000df800000, 0x00000000df800000| Untracked 
| 761|0x00000000df900000, 0x00000000df900000, 0x00000000dfa00000|  0%| F|  |TAMS 0x00000000df900000, 0x00000000df900000| Untracked 
| 762|0x00000000dfa00000, 0x00000000dfa00000, 0x00000000dfb00000|  0%| F|  |TAMS 0x00000000dfa00000, 0x00000000dfa00000| Untracked 
| 763|0x00000000dfb00000, 0x00000000dfc00000, 0x00000000dfc00000|100%| O|  |TAMS 0x00000000dfc00000, 0x00000000dfb00000| Updating 
| 764|0x00000000dfc00000, 0x00000000dfc00000, 0x00000000dfd00000|  0%| F|  |TAMS 0x00000000dfc00000, 0x00000000dfc00000| Untracked 
| 765|0x00000000dfd00000, 0x00000000dfe00000, 0x00000000dfe00000|100%| O|  |TAMS 0x00000000dfe00000, 0x00000000dfd00000| Updating 
| 766|0x00000000dfe00000, 0x00000000dff00000, 0x00000000dff00000|100%| O|  |TAMS 0x00000000dff00000, 0x00000000dfe00000| Updating 
| 767|0x00000000dff00000, 0x00000000e0000000, 0x00000000e0000000|100%| O|  |TAMS 0x00000000e0000000, 0x00000000dff00000| Updating 
| 768|0x00000000e0000000, 0x00000000e0100000, 0x00000000e0100000|100%| O|  |TAMS 0x00000000e0100000, 0x00000000e0000000| Updating 
| 769|0x00000000e0100000, 0x00000000e0100000, 0x00000000e0200000|  0%| F|  |TAMS 0x00000000e0100000, 0x00000000e0100000| Untracked 
| 770|0x00000000e0200000, 0x00000000e0200000, 0x00000000e0300000|  0%| F|  |TAMS 0x00000000e0200000, 0x00000000e0200000| Untracked 
| 771|0x00000000e0300000, 0x00000000e0300000, 0x00000000e0400000|  0%| F|  |TAMS 0x00000000e0300000, 0x00000000e0300000| Untracked 
| 772|0x00000000e0400000, 0x00000000e0400000, 0x00000000e0500000|  0%| F|  |TAMS 0x00000000e0400000, 0x00000000e0400000| Untracked 
| 773|0x00000000e0500000, 0x00000000e0600000, 0x00000000e0600000|100%| O|  |TAMS 0x00000000e0600000, 0x00000000e0500000| Untracked 
| 774|0x00000000e0600000, 0x00000000e0700000, 0x00000000e0700000|100%| O|  |TAMS 0x00000000e0700000, 0x00000000e0600000| Untracked 
| 775|0x00000000e0700000, 0x00000000e0700000, 0x00000000e0800000|  0%| F|  |TAMS 0x00000000e0700000, 0x00000000e0700000| Untracked 
| 776|0x00000000e0800000, 0x00000000e0900000, 0x00000000e0900000|100%| O|  |TAMS 0x00000000e0900000, 0x00000000e0800000| Updating 
| 777|0x00000000e0900000, 0x00000000e0900000, 0x00000000e0a00000|  0%| F|  |TAMS 0x00000000e0900000, 0x00000000e0900000| Untracked 
| 778|0x00000000e0a00000, 0x00000000e0a00000, 0x00000000e0b00000|  0%| F|  |TAMS 0x00000000e0a00000, 0x00000000e0a00000| Untracked 
| 779|0x00000000e0b00000, 0x00000000e0c00000, 0x00000000e0c00000|100%| O|  |TAMS 0x00000000e0c00000, 0x00000000e0b00000| Updating 
| 780|0x00000000e0c00000, 0x00000000e0c00000, 0x00000000e0d00000|  0%| F|  |TAMS 0x00000000e0c00000, 0x00000000e0c00000| Untracked 
| 781|0x00000000e0d00000, 0x00000000e0e00000, 0x00000000e0e00000|100%| O|  |TAMS 0x00000000e0e00000, 0x00000000e0d00000| Updating 
| 782|0x00000000e0e00000, 0x00000000e0f00000, 0x00000000e0f00000|100%| O|  |TAMS 0x00000000e0f00000, 0x00000000e0e00000| Updating 
| 783|0x00000000e0f00000, 0x00000000e1000000, 0x00000000e1000000|100%| O|  |TAMS 0x00000000e1000000, 0x00000000e0f00000| Untracked 
| 784|0x00000000e1000000, 0x00000000e1000000, 0x00000000e1100000|  0%| F|  |TAMS 0x00000000e1000000, 0x00000000e1000000| Untracked 
| 785|0x00000000e1100000, 0x00000000e1200000, 0x00000000e1200000|100%| O|  |TAMS 0x00000000e1200000, 0x00000000e1100000| Updating 
| 786|0x00000000e1200000, 0x00000000e1200000, 0x00000000e1300000|  0%| F|  |TAMS 0x00000000e1200000, 0x00000000e1200000| Untracked 
| 787|0x00000000e1300000, 0x00000000e1300000, 0x00000000e1400000|  0%| F|  |TAMS 0x00000000e1300000, 0x00000000e1300000| Untracked 
| 788|0x00000000e1400000, 0x00000000e1400000, 0x00000000e1500000|  0%| F|  |TAMS 0x00000000e1400000, 0x00000000e1400000| Untracked 
| 789|0x00000000e1500000, 0x00000000e1500000, 0x00000000e1600000|  0%| F|  |TAMS 0x00000000e1500000, 0x00000000e1500000| Untracked 
| 790|0x00000000e1600000, 0x00000000e1600000, 0x00000000e1700000|  0%| F|  |TAMS 0x00000000e1600000, 0x00000000e1600000| Untracked 
| 791|0x00000000e1700000, 0x00000000e1800000, 0x00000000e1800000|100%|HS|  |TAMS 0x00000000e1800000, 0x00000000e1700000| Complete 
| 792|0x00000000e1800000, 0x00000000e1800000, 0x00000000e1900000|  0%| F|  |TAMS 0x00000000e1800000, 0x00000000e1800000| Untracked 
| 793|0x00000000e1900000, 0x00000000e1900000, 0x00000000e1a00000|  0%| F|  |TAMS 0x00000000e1900000, 0x00000000e1900000| Untracked 
| 794|0x00000000e1a00000, 0x00000000e1a80000, 0x00000000e1b00000| 50%| S|CS|TAMS 0x00000000e1a00000, 0x00000000e1a00000| Complete 
| 795|0x00000000e1b00000, 0x00000000e1c00000, 0x00000000e1c00000|100%| S|CS|TAMS 0x00000000e1b00000, 0x00000000e1b00000| Complete 
| 796|0x00000000e1c00000, 0x00000000e1d00000, 0x00000000e1d00000|100%| O|  |TAMS 0x00000000e1d00000, 0x00000000e1c00000| Updating 
| 797|0x00000000e1d00000, 0x00000000e1e00000, 0x00000000e1e00000|100%| S|CS|TAMS 0x00000000e1d00000, 0x00000000e1d00000| Complete 
| 798|0x00000000e1e00000, 0x00000000e1efffe0, 0x00000000e1f00000| 99%| O|  |TAMS 0x00000000e1efffe0, 0x00000000e1e00000| Updating 
| 799|0x00000000e1f00000, 0x00000000e1fffff8, 0x00000000e2000000| 99%| O|  |TAMS 0x00000000e1fffff8, 0x00000000e1f00000| Updating 
| 800|0x00000000e2000000, 0x00000000e2100000, 0x00000000e2100000|100%| O|  |TAMS 0x00000000e2100000, 0x00000000e2000000| Untracked 
| 801|0x00000000e2100000, 0x00000000e2200000, 0x00000000e2200000|100%|HS|  |TAMS 0x00000000e2200000, 0x00000000e2100000| Complete 
| 802|0x00000000e2200000, 0x00000000e2300000, 0x00000000e2300000|100%|HC|  |TAMS 0x00000000e2300000, 0x00000000e2200000| Complete 
| 803|0x00000000e2300000, 0x00000000e2400000, 0x00000000e2400000|100%|HC|  |TAMS 0x00000000e2400000, 0x00000000e2300000| Complete 
| 804|0x00000000e2400000, 0x00000000e2500000, 0x00000000e2500000|100%|HC|  |TAMS 0x00000000e2500000, 0x00000000e2400000| Complete 
| 805|0x00000000e2500000, 0x00000000e2600000, 0x00000000e2600000|100%|HC|  |TAMS 0x00000000e2600000, 0x00000000e2500000| Complete 
| 806|0x00000000e2600000, 0x00000000e2700000, 0x00000000e2700000|100%|HC|  |TAMS 0x00000000e2700000, 0x00000000e2600000| Complete 
| 807|0x00000000e2700000, 0x00000000e2800000, 0x00000000e2800000|100%|HC|  |TAMS 0x00000000e2800000, 0x00000000e2700000| Complete 
| 808|0x00000000e2800000, 0x00000000e2900000, 0x00000000e2900000|100%| S|CS|TAMS 0x00000000e2800000, 0x00000000e2800000| Complete 
| 809|0x00000000e2900000, 0x00000000e2a00000, 0x00000000e2a00000|100%| S|CS|TAMS 0x00000000e2900000, 0x00000000e2900000| Complete 
| 810|0x00000000e2a00000, 0x00000000e2b00000, 0x00000000e2b00000|100%| S|CS|TAMS 0x00000000e2a00000, 0x00000000e2a00000| Complete 
| 811|0x00000000e2b00000, 0x00000000e2c00000, 0x00000000e2c00000|100%| S|CS|TAMS 0x00000000e2b00000, 0x00000000e2b00000| Complete 
| 812|0x00000000e2c00000, 0x00000000e2cffff8, 0x00000000e2d00000| 99%| O|  |TAMS 0x00000000e2cffff8, 0x00000000e2c00000| Updating 
| 813|0x00000000e2d00000, 0x00000000e2d00000, 0x00000000e2e00000|  0%| F|  |TAMS 0x00000000e2d00000, 0x00000000e2d00000| Untracked 
| 814|0x00000000e2e00000, 0x00000000e2e00000, 0x00000000e2f00000|  0%| F|  |TAMS 0x00000000e2e00000, 0x00000000e2e00000| Untracked 
| 815|0x00000000e2f00000, 0x00000000e2f00000, 0x00000000e3000000|  0%| F|  |TAMS 0x00000000e2f00000, 0x00000000e2f00000| Untracked 
| 816|0x00000000e3000000, 0x00000000e3000000, 0x00000000e3100000|  0%| F|  |TAMS 0x00000000e3000000, 0x00000000e3000000| Untracked 
| 817|0x00000000e3100000, 0x00000000e3100000, 0x00000000e3200000|  0%| F|  |TAMS 0x00000000e3100000, 0x00000000e3100000| Untracked 
| 818|0x00000000e3200000, 0x00000000e3200000, 0x00000000e3300000|  0%| F|  |TAMS 0x00000000e3200000, 0x00000000e3200000| Untracked 
| 819|0x00000000e3300000, 0x00000000e3300000, 0x00000000e3400000|  0%| F|  |TAMS 0x00000000e3300000, 0x00000000e3300000| Untracked 
| 820|0x00000000e3400000, 0x00000000e3400000, 0x00000000e3500000|  0%| F|  |TAMS 0x00000000e3400000, 0x00000000e3400000| Untracked 
| 821|0x00000000e3500000, 0x00000000e3500000, 0x00000000e3600000|  0%| F|  |TAMS 0x00000000e3500000, 0x00000000e3500000| Untracked 
| 822|0x00000000e3600000, 0x00000000e3600000, 0x00000000e3700000|  0%| F|  |TAMS 0x00000000e3600000, 0x00000000e3600000| Untracked 
| 823|0x00000000e3700000, 0x00000000e3800000, 0x00000000e3800000|100%| O|  |TAMS 0x00000000e3800000, 0x00000000e3700000| Untracked 
| 824|0x00000000e3800000, 0x00000000e3800000, 0x00000000e3900000|  0%| F|  |TAMS 0x00000000e3800000, 0x00000000e3800000| Untracked 
| 825|0x00000000e3900000, 0x00000000e3900000, 0x00000000e3a00000|  0%| F|  |TAMS 0x00000000e3900000, 0x00000000e3900000| Untracked 
| 826|0x00000000e3a00000, 0x00000000e3a00000, 0x00000000e3b00000|  0%| F|  |TAMS 0x00000000e3a00000, 0x00000000e3a00000| Untracked 
| 827|0x00000000e3b00000, 0x00000000e3c00000, 0x00000000e3c00000|100%| S|CS|TAMS 0x00000000e3b00000, 0x00000000e3b00000| Complete 
| 828|0x00000000e3c00000, 0x00000000e3d00000, 0x00000000e3d00000|100%| S|CS|TAMS 0x00000000e3c00000, 0x00000000e3c00000| Complete 
| 829|0x00000000e3d00000, 0x00000000e3e00000, 0x00000000e3e00000|100%| S|CS|TAMS 0x00000000e3d00000, 0x00000000e3d00000| Complete 
| 830|0x00000000e3e00000, 0x00000000e3f00000, 0x00000000e3f00000|100%| S|CS|TAMS 0x00000000e3e00000, 0x00000000e3e00000| Complete 
| 831|0x00000000e3f00000, 0x00000000e4000000, 0x00000000e4000000|100%| S|CS|TAMS 0x00000000e3f00000, 0x00000000e3f00000| Complete 
| 832|0x00000000e4000000, 0x00000000e4100000, 0x00000000e4100000|100%| S|CS|TAMS 0x00000000e4000000, 0x00000000e4000000| Complete 
| 833|0x00000000e4100000, 0x00000000e4200000, 0x00000000e4200000|100%| S|CS|TAMS 0x00000000e4100000, 0x00000000e4100000| Complete 
| 834|0x00000000e4200000, 0x00000000e4300000, 0x00000000e4300000|100%| S|CS|TAMS 0x00000000e4200000, 0x00000000e4200000| Complete 
| 835|0x00000000e4300000, 0x00000000e4300000, 0x00000000e4400000|  0%| F|  |TAMS 0x00000000e4300000, 0x00000000e4300000| Untracked 
| 836|0x00000000e4400000, 0x00000000e4500000, 0x00000000e4500000|100%| O|  |TAMS 0x00000000e4500000, 0x00000000e4400000| Updating 
| 837|0x00000000e4500000, 0x00000000e4500000, 0x00000000e4600000|  0%| F|  |TAMS 0x00000000e4500000, 0x00000000e4500000| Untracked 
| 838|0x00000000e4600000, 0x00000000e4600000, 0x00000000e4700000|  0%| F|  |TAMS 0x00000000e4600000, 0x00000000e4600000| Untracked 
| 839|0x00000000e4700000, 0x00000000e4800000, 0x00000000e4800000|100%| O|  |TAMS 0x00000000e4800000, 0x00000000e4700000| Updating 
| 840|0x00000000e4800000, 0x00000000e4800000, 0x00000000e4900000|  0%| F|  |TAMS 0x00000000e4800000, 0x00000000e4800000| Untracked 
| 841|0x00000000e4900000, 0x00000000e4a00000, 0x00000000e4a00000|100%| O|  |TAMS 0x00000000e4a00000, 0x00000000e4900000| Updating 
| 842|0x00000000e4a00000, 0x00000000e4a00000, 0x00000000e4b00000|  0%| F|  |TAMS 0x00000000e4a00000, 0x00000000e4a00000| Untracked 
| 843|0x00000000e4b00000, 0x00000000e4b00000, 0x00000000e4c00000|  0%| F|  |TAMS 0x00000000e4b00000, 0x00000000e4b00000| Untracked 
| 844|0x00000000e4c00000, 0x00000000e4c00000, 0x00000000e4d00000|  0%| F|  |TAMS 0x00000000e4c00000, 0x00000000e4c00000| Untracked 
| 845|0x00000000e4d00000, 0x00000000e4d00000, 0x00000000e4e00000|  0%| F|  |TAMS 0x00000000e4d00000, 0x00000000e4d00000| Untracked 
| 846|0x00000000e4e00000, 0x00000000e4f00000, 0x00000000e4f00000|100%| O|  |TAMS 0x00000000e4f00000, 0x00000000e4e00000| Untracked 
| 847|0x00000000e4f00000, 0x00000000e5000000, 0x00000000e5000000|100%| O|  |TAMS 0x00000000e5000000, 0x00000000e4f00000| Updating 
| 848|0x00000000e5000000, 0x00000000e5000000, 0x00000000e5100000|  0%| F|  |TAMS 0x00000000e5000000, 0x00000000e5000000| Untracked 
| 849|0x00000000e5100000, 0x00000000e5100000, 0x00000000e5200000|  0%| F|  |TAMS 0x00000000e5100000, 0x00000000e5100000| Untracked 
| 850|0x00000000e5200000, 0x00000000e5200000, 0x00000000e5300000|  0%| F|  |TAMS 0x00000000e5200000, 0x00000000e5200000| Untracked 
| 851|0x00000000e5300000, 0x00000000e5300000, 0x00000000e5400000|  0%| F|  |TAMS 0x00000000e5300000, 0x00000000e5300000| Untracked 
| 852|0x00000000e5400000, 0x00000000e5500000, 0x00000000e5500000|100%| O|  |TAMS 0x00000000e5500000, 0x00000000e5400000| Updating 
| 853|0x00000000e5500000, 0x00000000e5600000, 0x00000000e5600000|100%| O|  |TAMS 0x00000000e5600000, 0x00000000e5500000| Updating 
| 854|0x00000000e5600000, 0x00000000e5600000, 0x00000000e5700000|  0%| F|  |TAMS 0x00000000e5600000, 0x00000000e5600000| Untracked 
| 855|0x00000000e5700000, 0x00000000e5800000, 0x00000000e5800000|100%|HS|  |TAMS 0x00000000e5800000, 0x00000000e5700000| Untracked 
| 856|0x00000000e5800000, 0x00000000e5900000, 0x00000000e5900000|100%|HC|  |TAMS 0x00000000e5900000, 0x00000000e5800000| Untracked 
| 857|0x00000000e5900000, 0x00000000e5a00000, 0x00000000e5a00000|100%|HC|  |TAMS 0x00000000e5a00000, 0x00000000e5900000| Untracked 
| 858|0x00000000e5a00000, 0x00000000e5a00000, 0x00000000e5b00000|  0%| F|  |TAMS 0x00000000e5a00000, 0x00000000e5a00000| Untracked 
| 859|0x00000000e5b00000, 0x00000000e5b00000, 0x00000000e5c00000|  0%| F|  |TAMS 0x00000000e5b00000, 0x00000000e5b00000| Untracked 
| 860|0x00000000e5c00000, 0x00000000e5d00000, 0x00000000e5d00000|100%| O|  |TAMS 0x00000000e5d00000, 0x00000000e5c00000| Untracked 
| 861|0x00000000e5d00000, 0x00000000e5d00000, 0x00000000e5e00000|  0%| F|  |TAMS 0x00000000e5d00000, 0x00000000e5d00000| Untracked 
| 862|0x00000000e5e00000, 0x00000000e5f00000, 0x00000000e5f00000|100%| O|  |TAMS 0x00000000e5f00000, 0x00000000e5e00000| Untracked 
| 863|0x00000000e5f00000, 0x00000000e5f00000, 0x00000000e6000000|  0%| F|  |TAMS 0x00000000e5f00000, 0x00000000e5f00000| Untracked 
| 864|0x00000000e6000000, 0x00000000e6000000, 0x00000000e6100000|  0%| F|  |TAMS 0x00000000e6000000, 0x00000000e6000000| Untracked 
| 865|0x00000000e6100000, 0x00000000e6100000, 0x00000000e6200000|  0%| F|  |TAMS 0x00000000e6100000, 0x00000000e6100000| Untracked 
| 866|0x00000000e6200000, 0x00000000e6300000, 0x00000000e6300000|100%| O|  |TAMS 0x00000000e6300000, 0x00000000e6200000| Updating 
| 867|0x00000000e6300000, 0x00000000e6300000, 0x00000000e6400000|  0%| F|  |TAMS 0x00000000e6300000, 0x00000000e6300000| Untracked 
| 868|0x00000000e6400000, 0x00000000e6500000, 0x00000000e6500000|100%| O|  |TAMS 0x00000000e6500000, 0x00000000e6400000| Updating 
| 869|0x00000000e6500000, 0x00000000e6600000, 0x00000000e6600000|100%|HS|  |TAMS 0x00000000e6600000, 0x00000000e6500000| Complete 
| 870|0x00000000e6600000, 0x00000000e6600000, 0x00000000e6700000|  0%| F|  |TAMS 0x00000000e6600000, 0x00000000e6600000| Untracked 
| 871|0x00000000e6700000, 0x00000000e6700000, 0x00000000e6800000|  0%| F|  |TAMS 0x00000000e6700000, 0x00000000e6700000| Untracked 
| 872|0x00000000e6800000, 0x00000000e6800000, 0x00000000e6900000|  0%| F|  |TAMS 0x00000000e6800000, 0x00000000e6800000| Untracked 
| 873|0x00000000e6900000, 0x00000000e6900000, 0x00000000e6a00000|  0%| F|  |TAMS 0x00000000e6900000, 0x00000000e6900000| Untracked 
| 874|0x00000000e6a00000, 0x00000000e6a00000, 0x00000000e6b00000|  0%| F|  |TAMS 0x00000000e6a00000, 0x00000000e6a00000| Untracked 
| 875|0x00000000e6b00000, 0x00000000e6b00000, 0x00000000e6c00000|  0%| F|  |TAMS 0x00000000e6b00000, 0x00000000e6b00000| Untracked 
| 876|0x00000000e6c00000, 0x00000000e6c00000, 0x00000000e6d00000|  0%| F|  |TAMS 0x00000000e6c00000, 0x00000000e6c00000| Untracked 
| 877|0x00000000e6d00000, 0x00000000e6e00000, 0x00000000e6e00000|100%| O|  |TAMS 0x00000000e6e00000, 0x00000000e6d00000| Untracked 
| 878|0x00000000e6e00000, 0x00000000e6e00000, 0x00000000e6f00000|  0%| F|  |TAMS 0x00000000e6e00000, 0x00000000e6e00000| Untracked 
| 879|0x00000000e6f00000, 0x00000000e7000000, 0x00000000e7000000|100%| O|  |TAMS 0x00000000e7000000, 0x00000000e6f00000| Updating 
| 880|0x00000000e7000000, 0x00000000e7000000, 0x00000000e7100000|  0%| F|  |TAMS 0x00000000e7000000, 0x00000000e7000000| Untracked 
| 881|0x00000000e7100000, 0x00000000e7100000, 0x00000000e7200000|  0%| F|  |TAMS 0x00000000e7100000, 0x00000000e7100000| Untracked 
| 882|0x00000000e7200000, 0x00000000e7200000, 0x00000000e7300000|  0%| F|  |TAMS 0x00000000e7200000, 0x00000000e7200000| Untracked 
| 883|0x00000000e7300000, 0x00000000e7300000, 0x00000000e7400000|  0%| F|  |TAMS 0x00000000e7300000, 0x00000000e7300000| Untracked 
| 884|0x00000000e7400000, 0x00000000e7400000, 0x00000000e7500000|  0%| F|  |TAMS 0x00000000e7400000, 0x00000000e7400000| Untracked 
| 885|0x00000000e7500000, 0x00000000e7600000, 0x00000000e7600000|100%|HS|  |TAMS 0x00000000e7600000, 0x00000000e7500000| Complete 
| 886|0x00000000e7600000, 0x00000000e7600000, 0x00000000e7700000|  0%| F|  |TAMS 0x00000000e7600000, 0x00000000e7600000| Untracked 
| 887|0x00000000e7700000, 0x00000000e7800000, 0x00000000e7800000|100%| O|  |TAMS 0x00000000e7800000, 0x00000000e7700000| Untracked 
| 888|0x00000000e7800000, 0x00000000e7800000, 0x00000000e7900000|  0%| F|  |TAMS 0x00000000e7800000, 0x00000000e7800000| Untracked 
| 889|0x00000000e7900000, 0x00000000e7900000, 0x00000000e7a00000|  0%| F|  |TAMS 0x00000000e7900000, 0x00000000e7900000| Untracked 
| 890|0x00000000e7a00000, 0x00000000e7a00000, 0x00000000e7b00000|  0%| F|  |TAMS 0x00000000e7a00000, 0x00000000e7a00000| Untracked 
| 891|0x00000000e7b00000, 0x00000000e7b00000, 0x00000000e7c00000|  0%| F|  |TAMS 0x00000000e7b00000, 0x00000000e7b00000| Untracked 
| 892|0x00000000e7c00000, 0x00000000e7c00000, 0x00000000e7d00000|  0%| F|  |TAMS 0x00000000e7c00000, 0x00000000e7c00000| Untracked 
| 893|0x00000000e7d00000, 0x00000000e7d00000, 0x00000000e7e00000|  0%| F|  |TAMS 0x00000000e7d00000, 0x00000000e7d00000| Untracked 
| 894|0x00000000e7e00000, 0x00000000e7f00000, 0x00000000e7f00000|100%| O|  |TAMS 0x00000000e7f00000, 0x00000000e7e00000| Updating 
| 895|0x00000000e7f00000, 0x00000000e8000000, 0x00000000e8000000|100%| O|  |TAMS 0x00000000e8000000, 0x00000000e7f00000| Updating 
| 896|0x00000000e8000000, 0x00000000e8100000, 0x00000000e8100000|100%| O|  |TAMS 0x00000000e8100000, 0x00000000e8000000| Untracked 
| 897|0x00000000e8100000, 0x00000000e8100000, 0x00000000e8200000|  0%| F|  |TAMS 0x00000000e8100000, 0x00000000e8100000| Untracked 
| 898|0x00000000e8200000, 0x00000000e8200000, 0x00000000e8300000|  0%| F|  |TAMS 0x00000000e8200000, 0x00000000e8200000| Untracked 
| 899|0x00000000e8300000, 0x00000000e8300000, 0x00000000e8400000|  0%| F|  |TAMS 0x00000000e8300000, 0x00000000e8300000| Untracked 
| 900|0x00000000e8400000, 0x00000000e8500000, 0x00000000e8500000|100%| O|  |TAMS 0x00000000e8500000, 0x00000000e8400000| Untracked 
| 901|0x00000000e8500000, 0x00000000e8500000, 0x00000000e8600000|  0%| F|  |TAMS 0x00000000e8500000, 0x00000000e8500000| Untracked 
| 902|0x00000000e8600000, 0x00000000e8600000, 0x00000000e8700000|  0%| F|  |TAMS 0x00000000e8600000, 0x00000000e8600000| Untracked 
| 903|0x00000000e8700000, 0x00000000e8700000, 0x00000000e8800000|  0%| F|  |TAMS 0x00000000e8700000, 0x00000000e8700000| Untracked 
| 904|0x00000000e8800000, 0x00000000e8800000, 0x00000000e8900000|  0%| F|  |TAMS 0x00000000e8800000, 0x00000000e8800000| Untracked 
| 905|0x00000000e8900000, 0x00000000e8900000, 0x00000000e8a00000|  0%| F|  |TAMS 0x00000000e8900000, 0x00000000e8900000| Untracked 
| 906|0x00000000e8a00000, 0x00000000e8a00000, 0x00000000e8b00000|  0%| F|  |TAMS 0x00000000e8a00000, 0x00000000e8a00000| Untracked 
| 907|0x00000000e8b00000, 0x00000000e8b00000, 0x00000000e8c00000|  0%| F|  |TAMS 0x00000000e8b00000, 0x00000000e8b00000| Untracked 
| 908|0x00000000e8c00000, 0x00000000e8c00000, 0x00000000e8d00000|  0%| F|  |TAMS 0x00000000e8c00000, 0x00000000e8c00000| Untracked 
| 909|0x00000000e8d00000, 0x00000000e8d00000, 0x00000000e8e00000|  0%| F|  |TAMS 0x00000000e8d00000, 0x00000000e8d00000| Untracked 
| 910|0x00000000e8e00000, 0x00000000e8f00000, 0x00000000e8f00000|100%| O|  |TAMS 0x00000000e8f00000, 0x00000000e8e00000| Updating 
| 911|0x00000000e8f00000, 0x00000000e8f00000, 0x00000000e9000000|  0%| F|  |TAMS 0x00000000e8f00000, 0x00000000e8f00000| Untracked 
| 912|0x00000000e9000000, 0x00000000e9000000, 0x00000000e9100000|  0%| F|  |TAMS 0x00000000e9000000, 0x00000000e9000000| Untracked 
| 913|0x00000000e9100000, 0x00000000e9100000, 0x00000000e9200000|  0%| F|  |TAMS 0x00000000e9100000, 0x00000000e9100000| Untracked 
| 914|0x00000000e9200000, 0x00000000e9300000, 0x00000000e9300000|100%| O|  |TAMS 0x00000000e9300000, 0x00000000e9200000| Updating 
| 915|0x00000000e9300000, 0x00000000e9300000, 0x00000000e9400000|  0%| F|  |TAMS 0x00000000e9300000, 0x00000000e9300000| Untracked 
| 916|0x00000000e9400000, 0x00000000e9400000, 0x00000000e9500000|  0%| F|  |TAMS 0x00000000e9400000, 0x00000000e9400000| Untracked 
| 917|0x00000000e9500000, 0x00000000e9500000, 0x00000000e9600000|  0%| F|  |TAMS 0x00000000e9500000, 0x00000000e9500000| Untracked 
| 918|0x00000000e9600000, 0x00000000e9600000, 0x00000000e9700000|  0%| F|  |TAMS 0x00000000e9600000, 0x00000000e9600000| Untracked 
| 919|0x00000000e9700000, 0x00000000e9800000, 0x00000000e9800000|100%| O|  |TAMS 0x00000000e9800000, 0x00000000e9700000| Updating 
| 920|0x00000000e9800000, 0x00000000e9800000, 0x00000000e9900000|  0%| F|  |TAMS 0x00000000e9800000, 0x00000000e9800000| Untracked 
| 921|0x00000000e9900000, 0x00000000e9900000, 0x00000000e9a00000|  0%| F|  |TAMS 0x00000000e9900000, 0x00000000e9900000| Untracked 
| 922|0x00000000e9a00000, 0x00000000e9b00000, 0x00000000e9b00000|100%| O|  |TAMS 0x00000000e9b00000, 0x00000000e9a00000| Updating 
| 923|0x00000000e9b00000, 0x00000000e9b00000, 0x00000000e9c00000|  0%| F|  |TAMS 0x00000000e9b00000, 0x00000000e9b00000| Untracked 
| 924|0x00000000e9c00000, 0x00000000e9c00000, 0x00000000e9d00000|  0%| F|  |TAMS 0x00000000e9c00000, 0x00000000e9c00000| Untracked 
| 925|0x00000000e9d00000, 0x00000000e9e00000, 0x00000000e9e00000|100%| O|  |TAMS 0x00000000e9e00000, 0x00000000e9d00000| Updating 
| 926|0x00000000e9e00000, 0x00000000e9e00000, 0x00000000e9f00000|  0%| F|  |TAMS 0x00000000e9e00000, 0x00000000e9e00000| Untracked 
| 927|0x00000000e9f00000, 0x00000000e9f00000, 0x00000000ea000000|  0%| F|  |TAMS 0x00000000e9f00000, 0x00000000e9f00000| Untracked 
| 928|0x00000000ea000000, 0x00000000ea000000, 0x00000000ea100000|  0%| F|  |TAMS 0x00000000ea000000, 0x00000000ea000000| Untracked 
| 929|0x00000000ea100000, 0x00000000ea100000, 0x00000000ea200000|  0%| F|  |TAMS 0x00000000ea100000, 0x00000000ea100000| Untracked 
| 930|0x00000000ea200000, 0x00000000ea300000, 0x00000000ea300000|100%| O|  |TAMS 0x00000000ea300000, 0x00000000ea200000| Updating 
| 931|0x00000000ea300000, 0x00000000ea400000, 0x00000000ea400000|100%| O|  |TAMS 0x00000000ea400000, 0x00000000ea300000| Updating 
| 932|0x00000000ea400000, 0x00000000ea500000, 0x00000000ea500000|100%| O|  |TAMS 0x00000000ea500000, 0x00000000ea400000| Updating 
| 933|0x00000000ea500000, 0x00000000ea600000, 0x00000000ea600000|100%| O|  |TAMS 0x00000000ea600000, 0x00000000ea500000| Updating 
| 934|0x00000000ea600000, 0x00000000ea700000, 0x00000000ea700000|100%| O|  |TAMS 0x00000000ea700000, 0x00000000ea600000| Updating 
| 935|0x00000000ea700000, 0x00000000ea800000, 0x00000000ea800000|100%| O|  |TAMS 0x00000000ea800000, 0x00000000ea700000| Updating 
| 936|0x00000000ea800000, 0x00000000ea900000, 0x00000000ea900000|100%| O|  |TAMS 0x00000000ea900000, 0x00000000ea800000| Updating 
| 937|0x00000000ea900000, 0x00000000eaa00000, 0x00000000eaa00000|100%| O|  |TAMS 0x00000000eaa00000, 0x00000000ea900000| Updating 
| 938|0x00000000eaa00000, 0x00000000eaa00000, 0x00000000eab00000|  0%| F|  |TAMS 0x00000000eaa00000, 0x00000000eaa00000| Untracked 
| 939|0x00000000eab00000, 0x00000000eab00000, 0x00000000eac00000|  0%| F|  |TAMS 0x00000000eab00000, 0x00000000eab00000| Untracked 
| 940|0x00000000eac00000, 0x00000000eac00000, 0x00000000ead00000|  0%| F|  |TAMS 0x00000000eac00000, 0x00000000eac00000| Untracked 
| 941|0x00000000ead00000, 0x00000000ead00000, 0x00000000eae00000|  0%| F|  |TAMS 0x00000000ead00000, 0x00000000ead00000| Untracked 
| 942|0x00000000eae00000, 0x00000000eae00000, 0x00000000eaf00000|  0%| F|  |TAMS 0x00000000eae00000, 0x00000000eae00000| Untracked 
| 943|0x00000000eaf00000, 0x00000000eaf00000, 0x00000000eb000000|  0%| F|  |TAMS 0x00000000eaf00000, 0x00000000eaf00000| Untracked 
| 944|0x00000000eb000000, 0x00000000eb000000, 0x00000000eb100000|  0%| F|  |TAMS 0x00000000eb000000, 0x00000000eb000000| Untracked 
| 945|0x00000000eb100000, 0x00000000eb100000, 0x00000000eb200000|  0%| F|  |TAMS 0x00000000eb100000, 0x00000000eb100000| Untracked 
| 946|0x00000000eb200000, 0x00000000eb200000, 0x00000000eb300000|  0%| F|  |TAMS 0x00000000eb200000, 0x00000000eb200000| Untracked 
| 947|0x00000000eb300000, 0x00000000eb300000, 0x00000000eb400000|  0%| F|  |TAMS 0x00000000eb300000, 0x00000000eb300000| Untracked 
| 948|0x00000000eb400000, 0x00000000eb400000, 0x00000000eb500000|  0%| F|  |TAMS 0x00000000eb400000, 0x00000000eb400000| Untracked 
| 949|0x00000000eb500000, 0x00000000eb500000, 0x00000000eb600000|  0%| F|  |TAMS 0x00000000eb500000, 0x00000000eb500000| Untracked 
| 950|0x00000000eb600000, 0x00000000eb600000, 0x00000000eb700000|  0%| F|  |TAMS 0x00000000eb600000, 0x00000000eb600000| Untracked 
| 951|0x00000000eb700000, 0x00000000eb700000, 0x00000000eb800000|  0%| F|  |TAMS 0x00000000eb700000, 0x00000000eb700000| Untracked 
| 952|0x00000000eb800000, 0x00000000eb800000, 0x00000000eb900000|  0%| F|  |TAMS 0x00000000eb800000, 0x00000000eb800000| Untracked 
| 953|0x00000000eb900000, 0x00000000eb900000, 0x00000000eba00000|  0%| F|  |TAMS 0x00000000eb900000, 0x00000000eb900000| Untracked 
| 954|0x00000000eba00000, 0x00000000eba00000, 0x00000000ebb00000|  0%| F|  |TAMS 0x00000000eba00000, 0x00000000eba00000| Untracked 
| 955|0x00000000ebb00000, 0x00000000ebb00000, 0x00000000ebc00000|  0%| F|  |TAMS 0x00000000ebb00000, 0x00000000ebb00000| Untracked 
| 956|0x00000000ebc00000, 0x00000000ebc00000, 0x00000000ebd00000|  0%| F|  |TAMS 0x00000000ebc00000, 0x00000000ebc00000| Untracked 
| 957|0x00000000ebd00000, 0x00000000ebd00000, 0x00000000ebe00000|  0%| F|  |TAMS 0x00000000ebd00000, 0x00000000ebd00000| Untracked 
| 958|0x00000000ebe00000, 0x00000000ebe00000, 0x00000000ebf00000|  0%| F|  |TAMS 0x00000000ebe00000, 0x00000000ebe00000| Untracked 
| 959|0x00000000ebf00000, 0x00000000ebf00000, 0x00000000ec000000|  0%| F|  |TAMS 0x00000000ebf00000, 0x00000000ebf00000| Untracked 
| 960|0x00000000ec000000, 0x00000000ec000000, 0x00000000ec100000|  0%| F|  |TAMS 0x00000000ec000000, 0x00000000ec000000| Untracked 
| 961|0x00000000ec100000, 0x00000000ec100000, 0x00000000ec200000|  0%| F|  |TAMS 0x00000000ec100000, 0x00000000ec100000| Untracked 
| 962|0x00000000ec200000, 0x00000000ec200000, 0x00000000ec300000|  0%| F|  |TAMS 0x00000000ec200000, 0x00000000ec200000| Untracked 
| 963|0x00000000ec300000, 0x00000000ec300000, 0x00000000ec400000|  0%| F|  |TAMS 0x00000000ec300000, 0x00000000ec300000| Untracked 
| 964|0x00000000ec400000, 0x00000000ec400000, 0x00000000ec500000|  0%| F|  |TAMS 0x00000000ec400000, 0x00000000ec400000| Untracked 
| 965|0x00000000ec500000, 0x00000000ec500000, 0x00000000ec600000|  0%| F|  |TAMS 0x00000000ec500000, 0x00000000ec500000| Untracked 
| 966|0x00000000ec600000, 0x00000000ec600000, 0x00000000ec700000|  0%| F|  |TAMS 0x00000000ec600000, 0x00000000ec600000| Untracked 
| 967|0x00000000ec700000, 0x00000000ec700000, 0x00000000ec800000|  0%| F|  |TAMS 0x00000000ec700000, 0x00000000ec700000| Untracked 
| 968|0x00000000ec800000, 0x00000000ec800000, 0x00000000ec900000|  0%| F|  |TAMS 0x00000000ec800000, 0x00000000ec800000| Untracked 
| 969|0x00000000ec900000, 0x00000000ec900000, 0x00000000eca00000|  0%| F|  |TAMS 0x00000000ec900000, 0x00000000ec900000| Untracked 
| 970|0x00000000eca00000, 0x00000000eca00000, 0x00000000ecb00000|  0%| F|  |TAMS 0x00000000eca00000, 0x00000000eca00000| Untracked 
| 971|0x00000000ecb00000, 0x00000000ecb00000, 0x00000000ecc00000|  0%| F|  |TAMS 0x00000000ecb00000, 0x00000000ecb00000| Untracked 
| 972|0x00000000ecc00000, 0x00000000ecc00000, 0x00000000ecd00000|  0%| F|  |TAMS 0x00000000ecc00000, 0x00000000ecc00000| Untracked 
| 973|0x00000000ecd00000, 0x00000000ece00000, 0x00000000ece00000|100%| O|  |TAMS 0x00000000ece00000, 0x00000000ecd00000| Updating 
| 974|0x00000000ece00000, 0x00000000ece00000, 0x00000000ecf00000|  0%| F|  |TAMS 0x00000000ece00000, 0x00000000ece00000| Untracked 
| 975|0x00000000ecf00000, 0x00000000ecf00000, 0x00000000ed000000|  0%| F|  |TAMS 0x00000000ecf00000, 0x00000000ecf00000| Untracked 
| 976|0x00000000ed000000, 0x00000000ed000000, 0x00000000ed100000|  0%| F|  |TAMS 0x00000000ed000000, 0x00000000ed000000| Untracked 
| 977|0x00000000ed100000, 0x00000000ed200000, 0x00000000ed200000|100%| O|  |TAMS 0x00000000ed200000, 0x00000000ed100000| Updating 
| 978|0x00000000ed200000, 0x00000000ed200000, 0x00000000ed300000|  0%| F|  |TAMS 0x00000000ed200000, 0x00000000ed200000| Untracked 
| 979|0x00000000ed300000, 0x00000000ed400000, 0x00000000ed400000|100%| O|  |TAMS 0x00000000ed400000, 0x00000000ed300000| Updating 
| 980|0x00000000ed400000, 0x00000000ed500000, 0x00000000ed500000|100%| O|  |TAMS 0x00000000ed500000, 0x00000000ed400000| Updating 
| 981|0x00000000ed500000, 0x00000000ed500000, 0x00000000ed600000|  0%| F|  |TAMS 0x00000000ed500000, 0x00000000ed500000| Untracked 
| 982|0x00000000ed600000, 0x00000000ed600000, 0x00000000ed700000|  0%| F|  |TAMS 0x00000000ed600000, 0x00000000ed600000| Untracked 
| 983|0x00000000ed700000, 0x00000000ed700000, 0x00000000ed800000|  0%| F|  |TAMS 0x00000000ed700000, 0x00000000ed700000| Untracked 
| 984|0x00000000ed800000, 0x00000000ed800000, 0x00000000ed900000|  0%| F|  |TAMS 0x00000000ed800000, 0x00000000ed800000| Untracked 
| 985|0x00000000ed900000, 0x00000000ed900000, 0x00000000eda00000|  0%| F|  |TAMS 0x00000000ed900000, 0x00000000ed900000| Untracked 
| 986|0x00000000eda00000, 0x00000000eda00000, 0x00000000edb00000|  0%| F|  |TAMS 0x00000000eda00000, 0x00000000eda00000| Untracked 
| 987|0x00000000edb00000, 0x00000000edb00000, 0x00000000edc00000|  0%| F|  |TAMS 0x00000000edb00000, 0x00000000edb00000| Untracked 
| 988|0x00000000edc00000, 0x00000000edc00000, 0x00000000edd00000|  0%| F|  |TAMS 0x00000000edc00000, 0x00000000edc00000| Untracked 
| 989|0x00000000edd00000, 0x00000000edd00000, 0x00000000ede00000|  0%| F|  |TAMS 0x00000000edd00000, 0x00000000edd00000| Untracked 
| 990|0x00000000ede00000, 0x00000000edf00000, 0x00000000edf00000|100%| O|  |TAMS 0x00000000edf00000, 0x00000000ede00000| Updating 
| 991|0x00000000edf00000, 0x00000000edf00000, 0x00000000ee000000|  0%| F|  |TAMS 0x00000000edf00000, 0x00000000edf00000| Untracked 
| 992|0x00000000ee000000, 0x00000000ee000000, 0x00000000ee100000|  0%| F|  |TAMS 0x00000000ee000000, 0x00000000ee000000| Untracked 
| 993|0x00000000ee100000, 0x00000000ee100000, 0x00000000ee200000|  0%| F|  |TAMS 0x00000000ee100000, 0x00000000ee100000| Untracked 
| 994|0x00000000ee200000, 0x00000000ee200000, 0x00000000ee300000|  0%| F|  |TAMS 0x00000000ee200000, 0x00000000ee200000| Untracked 
| 995|0x00000000ee300000, 0x00000000ee300000, 0x00000000ee400000|  0%| F|  |TAMS 0x00000000ee300000, 0x00000000ee300000| Untracked 
| 996|0x00000000ee400000, 0x00000000ee400000, 0x00000000ee500000|  0%| F|  |TAMS 0x00000000ee400000, 0x00000000ee400000| Untracked 
| 997|0x00000000ee500000, 0x00000000ee500000, 0x00000000ee600000|  0%| F|  |TAMS 0x00000000ee500000, 0x00000000ee500000| Untracked 
| 998|0x00000000ee600000, 0x00000000ee600000, 0x00000000ee700000|  0%| F|  |TAMS 0x00000000ee600000, 0x00000000ee600000| Untracked 
| 999|0x00000000ee700000, 0x00000000ee700000, 0x00000000ee800000|  0%| F|  |TAMS 0x00000000ee700000, 0x00000000ee700000| Untracked 
|1000|0x00000000ee800000, 0x00000000ee800000, 0x00000000ee900000|  0%| F|  |TAMS 0x00000000ee800000, 0x00000000ee800000| Untracked 
|1001|0x00000000ee900000, 0x00000000ee900000, 0x00000000eea00000|  0%| F|  |TAMS 0x00000000ee900000, 0x00000000ee900000| Untracked 
|1002|0x00000000eea00000, 0x00000000eea00000, 0x00000000eeb00000|  0%| F|  |TAMS 0x00000000eea00000, 0x00000000eea00000| Untracked 
|1003|0x00000000eeb00000, 0x00000000eeb00000, 0x00000000eec00000|  0%| F|  |TAMS 0x00000000eeb00000, 0x00000000eeb00000| Untracked 
|1004|0x00000000eec00000, 0x00000000eec00000, 0x00000000eed00000|  0%| F|  |TAMS 0x00000000eec00000, 0x00000000eec00000| Untracked 
|1005|0x00000000eed00000, 0x00000000eee00000, 0x00000000eee00000|100%| O|  |TAMS 0x00000000eee00000, 0x00000000eed00000| Untracked 
|1006|0x00000000eee00000, 0x00000000eee00000, 0x00000000eef00000|  0%| F|  |TAMS 0x00000000eee00000, 0x00000000eee00000| Untracked 
|1007|0x00000000eef00000, 0x00000000eef00000, 0x00000000ef000000|  0%| F|  |TAMS 0x00000000eef00000, 0x00000000eef00000| Untracked 
|1008|0x00000000ef000000, 0x00000000ef000000, 0x00000000ef100000|  0%| F|  |TAMS 0x00000000ef000000, 0x00000000ef000000| Untracked 
|1009|0x00000000ef100000, 0x00000000ef100000, 0x00000000ef200000|  0%| F|  |TAMS 0x00000000ef100000, 0x00000000ef100000| Untracked 
|1010|0x00000000ef200000, 0x00000000ef200000, 0x00000000ef300000|  0%| F|  |TAMS 0x00000000ef200000, 0x00000000ef200000| Untracked 
|1011|0x00000000ef300000, 0x00000000ef300000, 0x00000000ef400000|  0%| F|  |TAMS 0x00000000ef300000, 0x00000000ef300000| Untracked 
|1012|0x00000000ef400000, 0x00000000ef400000, 0x00000000ef500000|  0%| F|  |TAMS 0x00000000ef400000, 0x00000000ef400000| Untracked 
|1013|0x00000000ef500000, 0x00000000ef500000, 0x00000000ef600000|  0%| F|  |TAMS 0x00000000ef500000, 0x00000000ef500000| Untracked 
|1014|0x00000000ef600000, 0x00000000ef600000, 0x00000000ef700000|  0%| F|  |TAMS 0x00000000ef600000, 0x00000000ef600000| Untracked 
|1015|0x00000000ef700000, 0x00000000ef700000, 0x00000000ef800000|  0%| F|  |TAMS 0x00000000ef700000, 0x00000000ef700000| Untracked 
|1016|0x00000000ef800000, 0x00000000ef800000, 0x00000000ef900000|  0%| F|  |TAMS 0x00000000ef800000, 0x00000000ef800000| Untracked 
|1017|0x00000000ef900000, 0x00000000ef900000, 0x00000000efa00000|  0%| F|  |TAMS 0x00000000ef900000, 0x00000000ef900000| Untracked 
|1018|0x00000000efa00000, 0x00000000efa00000, 0x00000000efb00000|  0%| F|  |TAMS 0x00000000efa00000, 0x00000000efa00000| Untracked 
|1019|0x00000000efb00000, 0x00000000efb00000, 0x00000000efc00000|  0%| F|  |TAMS 0x00000000efb00000, 0x00000000efb00000| Untracked 
|1020|0x00000000efc00000, 0x00000000efc00000, 0x00000000efd00000|  0%| F|  |TAMS 0x00000000efc00000, 0x00000000efc00000| Untracked 
|1021|0x00000000efd00000, 0x00000000efd00000, 0x00000000efe00000|  0%| F|  |TAMS 0x00000000efd00000, 0x00000000efd00000| Untracked 
|1022|0x00000000efe00000, 0x00000000efe00000, 0x00000000eff00000|  0%| F|  |TAMS 0x00000000efe00000, 0x00000000efe00000| Untracked 
|1023|0x00000000eff00000, 0x00000000eff00000, 0x00000000f0000000|  0%| F|  |TAMS 0x00000000eff00000, 0x00000000eff00000| Untracked 
|1024|0x00000000f0000000, 0x00000000f0000000, 0x00000000f0100000|  0%| F|  |TAMS 0x00000000f0000000, 0x00000000f0000000| Untracked 
|1025|0x00000000f0100000, 0x00000000f0100000, 0x00000000f0200000|  0%| F|  |TAMS 0x00000000f0100000, 0x00000000f0100000| Untracked 
|1026|0x00000000f0200000, 0x00000000f0200000, 0x00000000f0300000|  0%| F|  |TAMS 0x00000000f0200000, 0x00000000f0200000| Untracked 
|1027|0x00000000f0300000, 0x00000000f0300000, 0x00000000f0400000|  0%| F|  |TAMS 0x00000000f0300000, 0x00000000f0300000| Untracked 
|1028|0x00000000f0400000, 0x00000000f0400000, 0x00000000f0500000|  0%| F|  |TAMS 0x00000000f0400000, 0x00000000f0400000| Untracked 
|1029|0x00000000f0500000, 0x00000000f0500000, 0x00000000f0600000|  0%| F|  |TAMS 0x00000000f0500000, 0x00000000f0500000| Untracked 
|1030|0x00000000f0600000, 0x00000000f0600000, 0x00000000f0700000|  0%| F|  |TAMS 0x00000000f0600000, 0x00000000f0600000| Untracked 
|1031|0x00000000f0700000, 0x00000000f0700000, 0x00000000f0800000|  0%| F|  |TAMS 0x00000000f0700000, 0x00000000f0700000| Untracked 
|1032|0x00000000f0800000, 0x00000000f0800000, 0x00000000f0900000|  0%| F|  |TAMS 0x00000000f0800000, 0x00000000f0800000| Untracked 
|1033|0x00000000f0900000, 0x00000000f0900000, 0x00000000f0a00000|  0%| F|  |TAMS 0x00000000f0900000, 0x00000000f0900000| Untracked 
|1034|0x00000000f0a00000, 0x00000000f0a00000, 0x00000000f0b00000|  0%| F|  |TAMS 0x00000000f0a00000, 0x00000000f0a00000| Untracked 
|1035|0x00000000f0b00000, 0x00000000f0b00000, 0x00000000f0c00000|  0%| F|  |TAMS 0x00000000f0b00000, 0x00000000f0b00000| Untracked 
|1036|0x00000000f0c00000, 0x00000000f0c00000, 0x00000000f0d00000|  0%| F|  |TAMS 0x00000000f0c00000, 0x00000000f0c00000| Untracked 
|1037|0x00000000f0d00000, 0x00000000f0d00000, 0x00000000f0e00000|  0%| F|  |TAMS 0x00000000f0d00000, 0x00000000f0d00000| Untracked 
|1038|0x00000000f0e00000, 0x00000000f0e00000, 0x00000000f0f00000|  0%| F|  |TAMS 0x00000000f0e00000, 0x00000000f0e00000| Untracked 
|1039|0x00000000f0f00000, 0x00000000f0f00000, 0x00000000f1000000|  0%| F|  |TAMS 0x00000000f0f00000, 0x00000000f0f00000| Untracked 
|1040|0x00000000f1000000, 0x00000000f1000000, 0x00000000f1100000|  0%| F|  |TAMS 0x00000000f1000000, 0x00000000f1000000| Untracked 
|1041|0x00000000f1100000, 0x00000000f1100000, 0x00000000f1200000|  0%| F|  |TAMS 0x00000000f1100000, 0x00000000f1100000| Untracked 
|1042|0x00000000f1200000, 0x00000000f1200000, 0x00000000f1300000|  0%| F|  |TAMS 0x00000000f1200000, 0x00000000f1200000| Untracked 
|1043|0x00000000f1300000, 0x00000000f1300000, 0x00000000f1400000|  0%| F|  |TAMS 0x00000000f1300000, 0x00000000f1300000| Untracked 
|1044|0x00000000f1400000, 0x00000000f1400000, 0x00000000f1500000|  0%| F|  |TAMS 0x00000000f1400000, 0x00000000f1400000| Untracked 
|1045|0x00000000f1500000, 0x00000000f1500000, 0x00000000f1600000|  0%| F|  |TAMS 0x00000000f1500000, 0x00000000f1500000| Untracked 
|1046|0x00000000f1600000, 0x00000000f1600000, 0x00000000f1700000|  0%| F|  |TAMS 0x00000000f1600000, 0x00000000f1600000| Untracked 
|1047|0x00000000f1700000, 0x00000000f1700000, 0x00000000f1800000|  0%| F|  |TAMS 0x00000000f1700000, 0x00000000f1700000| Untracked 
|1048|0x00000000f1800000, 0x00000000f1800000, 0x00000000f1900000|  0%| F|  |TAMS 0x00000000f1800000, 0x00000000f1800000| Untracked 
|1049|0x00000000f1900000, 0x00000000f1900000, 0x00000000f1a00000|  0%| F|  |TAMS 0x00000000f1900000, 0x00000000f1900000| Untracked 
|1050|0x00000000f1a00000, 0x00000000f1a00000, 0x00000000f1b00000|  0%| F|  |TAMS 0x00000000f1a00000, 0x00000000f1a00000| Untracked 
|1051|0x00000000f1b00000, 0x00000000f1b00000, 0x00000000f1c00000|  0%| F|  |TAMS 0x00000000f1b00000, 0x00000000f1b00000| Untracked 
|1052|0x00000000f1c00000, 0x00000000f1c00000, 0x00000000f1d00000|  0%| F|  |TAMS 0x00000000f1c00000, 0x00000000f1c00000| Untracked 
|1053|0x00000000f1d00000, 0x00000000f1d00000, 0x00000000f1e00000|  0%| F|  |TAMS 0x00000000f1d00000, 0x00000000f1d00000| Untracked 
|1054|0x00000000f1e00000, 0x00000000f1e00000, 0x00000000f1f00000|  0%| F|  |TAMS 0x00000000f1e00000, 0x00000000f1e00000| Untracked 
|1055|0x00000000f1f00000, 0x00000000f1f00000, 0x00000000f2000000|  0%| F|  |TAMS 0x00000000f1f00000, 0x00000000f1f00000| Untracked 
|1056|0x00000000f2000000, 0x00000000f2000000, 0x00000000f2100000|  0%| F|  |TAMS 0x00000000f2000000, 0x00000000f2000000| Untracked 
|1057|0x00000000f2100000, 0x00000000f2100000, 0x00000000f2200000|  0%| F|  |TAMS 0x00000000f2100000, 0x00000000f2100000| Untracked 
|1058|0x00000000f2200000, 0x00000000f2200000, 0x00000000f2300000|  0%| F|  |TAMS 0x00000000f2200000, 0x00000000f2200000| Untracked 
|1059|0x00000000f2300000, 0x00000000f2300000, 0x00000000f2400000|  0%| F|  |TAMS 0x00000000f2300000, 0x00000000f2300000| Untracked 
|1060|0x00000000f2400000, 0x00000000f2400000, 0x00000000f2500000|  0%| F|  |TAMS 0x00000000f2400000, 0x00000000f2400000| Untracked 
|1061|0x00000000f2500000, 0x00000000f2500000, 0x00000000f2600000|  0%| F|  |TAMS 0x00000000f2500000, 0x00000000f2500000| Untracked 
|1062|0x00000000f2600000, 0x00000000f2600000, 0x00000000f2700000|  0%| F|  |TAMS 0x00000000f2600000, 0x00000000f2600000| Untracked 
|1063|0x00000000f2700000, 0x00000000f2700000, 0x00000000f2800000|  0%| F|  |TAMS 0x00000000f2700000, 0x00000000f2700000| Untracked 
|1064|0x00000000f2800000, 0x00000000f2800000, 0x00000000f2900000|  0%| F|  |TAMS 0x00000000f2800000, 0x00000000f2800000| Untracked 
|1065|0x00000000f2900000, 0x00000000f2900000, 0x00000000f2a00000|  0%| F|  |TAMS 0x00000000f2900000, 0x00000000f2900000| Untracked 
|1066|0x00000000f2a00000, 0x00000000f2a00000, 0x00000000f2b00000|  0%| F|  |TAMS 0x00000000f2a00000, 0x00000000f2a00000| Untracked 
|1067|0x00000000f2b00000, 0x00000000f2b00000, 0x00000000f2c00000|  0%| F|  |TAMS 0x00000000f2b00000, 0x00000000f2b00000| Untracked 
|1068|0x00000000f2c00000, 0x00000000f2c00000, 0x00000000f2d00000|  0%| F|  |TAMS 0x00000000f2c00000, 0x00000000f2c00000| Untracked 
|1069|0x00000000f2d00000, 0x00000000f2d00000, 0x00000000f2e00000|  0%| F|  |TAMS 0x00000000f2d00000, 0x00000000f2d00000| Untracked 
|1070|0x00000000f2e00000, 0x00000000f2e00000, 0x00000000f2f00000|  0%| F|  |TAMS 0x00000000f2e00000, 0x00000000f2e00000| Untracked 
|1071|0x00000000f2f00000, 0x00000000f2f00000, 0x00000000f3000000|  0%| F|  |TAMS 0x00000000f2f00000, 0x00000000f2f00000| Untracked 
|1072|0x00000000f3000000, 0x00000000f3000000, 0x00000000f3100000|  0%| F|  |TAMS 0x00000000f3000000, 0x00000000f3000000| Untracked 
|1073|0x00000000f3100000, 0x00000000f3100000, 0x00000000f3200000|  0%| F|  |TAMS 0x00000000f3100000, 0x00000000f3100000| Untracked 
|1074|0x00000000f3200000, 0x00000000f3200000, 0x00000000f3300000|  0%| F|  |TAMS 0x00000000f3200000, 0x00000000f3200000| Untracked 
|1075|0x00000000f3300000, 0x00000000f3300000, 0x00000000f3400000|  0%| F|  |TAMS 0x00000000f3300000, 0x00000000f3300000| Untracked 
|1076|0x00000000f3400000, 0x00000000f3400000, 0x00000000f3500000|  0%| F|  |TAMS 0x00000000f3400000, 0x00000000f3400000| Untracked 
|1077|0x00000000f3500000, 0x00000000f3500000, 0x00000000f3600000|  0%| F|  |TAMS 0x00000000f3500000, 0x00000000f3500000| Untracked 
|1078|0x00000000f3600000, 0x00000000f3600000, 0x00000000f3700000|  0%| F|  |TAMS 0x00000000f3600000, 0x00000000f3600000| Untracked 
|1079|0x00000000f3700000, 0x00000000f3700000, 0x00000000f3800000|  0%| F|  |TAMS 0x00000000f3700000, 0x00000000f3700000| Untracked 
|1080|0x00000000f3800000, 0x00000000f3800000, 0x00000000f3900000|  0%| F|  |TAMS 0x00000000f3800000, 0x00000000f3800000| Untracked 
|1081|0x00000000f3900000, 0x00000000f3900000, 0x00000000f3a00000|  0%| F|  |TAMS 0x00000000f3900000, 0x00000000f3900000| Untracked 
|1082|0x00000000f3a00000, 0x00000000f3a00000, 0x00000000f3b00000|  0%| F|  |TAMS 0x00000000f3a00000, 0x00000000f3a00000| Untracked 
|1083|0x00000000f3b00000, 0x00000000f3b00000, 0x00000000f3c00000|  0%| F|  |TAMS 0x00000000f3b00000, 0x00000000f3b00000| Untracked 
|1084|0x00000000f3c00000, 0x00000000f3c00000, 0x00000000f3d00000|  0%| F|  |TAMS 0x00000000f3c00000, 0x00000000f3c00000| Untracked 
|1085|0x00000000f3d00000, 0x00000000f3d00000, 0x00000000f3e00000|  0%| F|  |TAMS 0x00000000f3d00000, 0x00000000f3d00000| Untracked 
|1086|0x00000000f3e00000, 0x00000000f3e00000, 0x00000000f3f00000|  0%| F|  |TAMS 0x00000000f3e00000, 0x00000000f3e00000| Untracked 
|1087|0x00000000f3f00000, 0x00000000f3f00000, 0x00000000f4000000|  0%| F|  |TAMS 0x00000000f3f00000, 0x00000000f3f00000| Untracked 
|1088|0x00000000f4000000, 0x00000000f4000000, 0x00000000f4100000|  0%| F|  |TAMS 0x00000000f4000000, 0x00000000f4000000| Untracked 
|1089|0x00000000f4100000, 0x00000000f4100000, 0x00000000f4200000|  0%| F|  |TAMS 0x00000000f4100000, 0x00000000f4100000| Untracked 
|1090|0x00000000f4200000, 0x00000000f4200000, 0x00000000f4300000|  0%| F|  |TAMS 0x00000000f4200000, 0x00000000f4200000| Untracked 
|1091|0x00000000f4300000, 0x00000000f4300000, 0x00000000f4400000|  0%| F|  |TAMS 0x00000000f4300000, 0x00000000f4300000| Untracked 
|1092|0x00000000f4400000, 0x00000000f4400000, 0x00000000f4500000|  0%| F|  |TAMS 0x00000000f4400000, 0x00000000f4400000| Untracked 
|1093|0x00000000f4500000, 0x00000000f4500000, 0x00000000f4600000|  0%| F|  |TAMS 0x00000000f4500000, 0x00000000f4500000| Untracked 
|1094|0x00000000f4600000, 0x00000000f4600000, 0x00000000f4700000|  0%| F|  |TAMS 0x00000000f4600000, 0x00000000f4600000| Untracked 
|1095|0x00000000f4700000, 0x00000000f4700000, 0x00000000f4800000|  0%| F|  |TAMS 0x00000000f4700000, 0x00000000f4700000| Untracked 
|1096|0x00000000f4800000, 0x00000000f4800000, 0x00000000f4900000|  0%| F|  |TAMS 0x00000000f4800000, 0x00000000f4800000| Untracked 
|1097|0x00000000f4900000, 0x00000000f4900000, 0x00000000f4a00000|  0%| F|  |TAMS 0x00000000f4900000, 0x00000000f4900000| Untracked 
|1098|0x00000000f4a00000, 0x00000000f4a00000, 0x00000000f4b00000|  0%| F|  |TAMS 0x00000000f4a00000, 0x00000000f4a00000| Untracked 
|1099|0x00000000f4b00000, 0x00000000f4b00000, 0x00000000f4c00000|  0%| F|  |TAMS 0x00000000f4b00000, 0x00000000f4b00000| Untracked 
|1100|0x00000000f4c00000, 0x00000000f4c00000, 0x00000000f4d00000|  0%| F|  |TAMS 0x00000000f4c00000, 0x00000000f4c00000| Untracked 
|1101|0x00000000f4d00000, 0x00000000f4d00000, 0x00000000f4e00000|  0%| F|  |TAMS 0x00000000f4d00000, 0x00000000f4d00000| Untracked 
|1102|0x00000000f4e00000, 0x00000000f4e00000, 0x00000000f4f00000|  0%| F|  |TAMS 0x00000000f4e00000, 0x00000000f4e00000| Untracked 
|1103|0x00000000f4f00000, 0x00000000f4f00000, 0x00000000f5000000|  0%| F|  |TAMS 0x00000000f4f00000, 0x00000000f4f00000| Untracked 
|1104|0x00000000f5000000, 0x00000000f5000000, 0x00000000f5100000|  0%| F|  |TAMS 0x00000000f5000000, 0x00000000f5000000| Untracked 
|1105|0x00000000f5100000, 0x00000000f5100000, 0x00000000f5200000|  0%| F|  |TAMS 0x00000000f5100000, 0x00000000f5100000| Untracked 
|1106|0x00000000f5200000, 0x00000000f5200000, 0x00000000f5300000|  0%| F|  |TAMS 0x00000000f5200000, 0x00000000f5200000| Untracked 
|1107|0x00000000f5300000, 0x00000000f5300000, 0x00000000f5400000|  0%| F|  |TAMS 0x00000000f5300000, 0x00000000f5300000| Untracked 
|1108|0x00000000f5400000, 0x00000000f5400000, 0x00000000f5500000|  0%| F|  |TAMS 0x00000000f5400000, 0x00000000f5400000| Untracked 
|1109|0x00000000f5500000, 0x00000000f5500000, 0x00000000f5600000|  0%| F|  |TAMS 0x00000000f5500000, 0x00000000f5500000| Untracked 
|1110|0x00000000f5600000, 0x00000000f5700000, 0x00000000f5700000|100%| E|  |TAMS 0x00000000f5600000, 0x00000000f5600000| Complete 
|1111|0x00000000f5700000, 0x00000000f5800000, 0x00000000f5800000|100%| E|CS|TAMS 0x00000000f5700000, 0x00000000f5700000| Complete 
|1112|0x00000000f5800000, 0x00000000f5900000, 0x00000000f5900000|100%| E|CS|TAMS 0x00000000f5800000, 0x00000000f5800000| Complete 
|1113|0x00000000f5900000, 0x00000000f5a00000, 0x00000000f5a00000|100%| E|CS|TAMS 0x00000000f5900000, 0x00000000f5900000| Complete 
|1114|0x00000000f5a00000, 0x00000000f5b00000, 0x00000000f5b00000|100%| E|CS|TAMS 0x00000000f5a00000, 0x00000000f5a00000| Complete 
|1115|0x00000000f5b00000, 0x00000000f5c00000, 0x00000000f5c00000|100%| E|CS|TAMS 0x00000000f5b00000, 0x00000000f5b00000| Complete 
|1116|0x00000000f5c00000, 0x00000000f5d00000, 0x00000000f5d00000|100%| E|CS|TAMS 0x00000000f5c00000, 0x00000000f5c00000| Complete 
|1117|0x00000000f5d00000, 0x00000000f5e00000, 0x00000000f5e00000|100%| E|CS|TAMS 0x00000000f5d00000, 0x00000000f5d00000| Complete 
|1118|0x00000000f5e00000, 0x00000000f5f00000, 0x00000000f5f00000|100%| E|CS|TAMS 0x00000000f5e00000, 0x00000000f5e00000| Complete 
|1119|0x00000000f5f00000, 0x00000000f6000000, 0x00000000f6000000|100%| E|CS|TAMS 0x00000000f5f00000, 0x00000000f5f00000| Complete 
|1120|0x00000000f6000000, 0x00000000f6100000, 0x00000000f6100000|100%| E|CS|TAMS 0x00000000f6000000, 0x00000000f6000000| Complete 
|1121|0x00000000f6100000, 0x00000000f6200000, 0x00000000f6200000|100%| E|CS|TAMS 0x00000000f6100000, 0x00000000f6100000| Complete 
|1122|0x00000000f6200000, 0x00000000f6300000, 0x00000000f6300000|100%| E|CS|TAMS 0x00000000f6200000, 0x00000000f6200000| Complete 
|1123|0x00000000f6300000, 0x00000000f6400000, 0x00000000f6400000|100%|HS|  |TAMS 0x00000000f6400000, 0x00000000f6300000| Complete 
|1124|0x00000000f6400000, 0x00000000f6500000, 0x00000000f6500000|100%|HC|  |TAMS 0x00000000f6500000, 0x00000000f6400000| Complete 
|1125|0x00000000f6500000, 0x00000000f6600000, 0x00000000f6600000|100%|HC|  |TAMS 0x00000000f6600000, 0x00000000f6500000| Complete 
|1126|0x00000000f6600000, 0x00000000f6700000, 0x00000000f6700000|100%| E|CS|TAMS 0x00000000f6600000, 0x00000000f6600000| Complete 
|1127|0x00000000f6700000, 0x00000000f6800000, 0x00000000f6800000|100%| E|CS|TAMS 0x00000000f6700000, 0x00000000f6700000| Complete 
|1128|0x00000000f6800000, 0x00000000f6900000, 0x00000000f6900000|100%| E|CS|TAMS 0x00000000f6800000, 0x00000000f6800000| Complete 
|1129|0x00000000f6900000, 0x00000000f6a00000, 0x00000000f6a00000|100%| E|CS|TAMS 0x00000000f6900000, 0x00000000f6900000| Complete 
|1130|0x00000000f6a00000, 0x00000000f6b00000, 0x00000000f6b00000|100%| E|CS|TAMS 0x00000000f6a00000, 0x00000000f6a00000| Complete 
|1131|0x00000000f6b00000, 0x00000000f6c00000, 0x00000000f6c00000|100%| E|CS|TAMS 0x00000000f6b00000, 0x00000000f6b00000| Complete 
|1132|0x00000000f6c00000, 0x00000000f6d00000, 0x00000000f6d00000|100%| E|CS|TAMS 0x00000000f6c00000, 0x00000000f6c00000| Complete 
|1133|0x00000000f6d00000, 0x00000000f6e00000, 0x00000000f6e00000|100%| E|CS|TAMS 0x00000000f6d00000, 0x00000000f6d00000| Complete 
|1134|0x00000000f6e00000, 0x00000000f6f00000, 0x00000000f6f00000|100%| E|CS|TAMS 0x00000000f6e00000, 0x00000000f6e00000| Complete 
|1135|0x00000000f6f00000, 0x00000000f7000000, 0x00000000f7000000|100%| E|CS|TAMS 0x00000000f6f00000, 0x00000000f6f00000| Complete 
|1136|0x00000000f7000000, 0x00000000f7100000, 0x00000000f7100000|100%| E|CS|TAMS 0x00000000f7000000, 0x00000000f7000000| Complete 
|1137|0x00000000f7100000, 0x00000000f7200000, 0x00000000f7200000|100%| E|CS|TAMS 0x00000000f7100000, 0x00000000f7100000| Complete 
|1138|0x00000000f7200000, 0x00000000f7300000, 0x00000000f7300000|100%| E|CS|TAMS 0x00000000f7200000, 0x00000000f7200000| Complete 
|1139|0x00000000f7300000, 0x00000000f7400000, 0x00000000f7400000|100%| E|CS|TAMS 0x00000000f7300000, 0x00000000f7300000| Complete 
|1140|0x00000000f7400000, 0x00000000f7500000, 0x00000000f7500000|100%| E|CS|TAMS 0x00000000f7400000, 0x00000000f7400000| Complete 
|1141|0x00000000f7500000, 0x00000000f7600000, 0x00000000f7600000|100%| E|CS|TAMS 0x00000000f7500000, 0x00000000f7500000| Complete 
|1142|0x00000000f7600000, 0x00000000f7700000, 0x00000000f7700000|100%| E|CS|TAMS 0x00000000f7600000, 0x00000000f7600000| Complete 
|1143|0x00000000f7700000, 0x00000000f7800000, 0x00000000f7800000|100%| E|CS|TAMS 0x00000000f7700000, 0x00000000f7700000| Complete 
|1144|0x00000000f7800000, 0x00000000f7900000, 0x00000000f7900000|100%| E|CS|TAMS 0x00000000f7800000, 0x00000000f7800000| Complete 
|1145|0x00000000f7900000, 0x00000000f7a00000, 0x00000000f7a00000|100%| E|CS|TAMS 0x00000000f7900000, 0x00000000f7900000| Complete 
|1146|0x00000000f7a00000, 0x00000000f7b00000, 0x00000000f7b00000|100%| E|CS|TAMS 0x00000000f7a00000, 0x00000000f7a00000| Complete 
|1147|0x00000000f7b00000, 0x00000000f7c00000, 0x00000000f7c00000|100%| E|CS|TAMS 0x00000000f7b00000, 0x00000000f7b00000| Complete 
|1148|0x00000000f7c00000, 0x00000000f7d00000, 0x00000000f7d00000|100%| E|CS|TAMS 0x00000000f7c00000, 0x00000000f7c00000| Complete 
|1149|0x00000000f7d00000, 0x00000000f7e00000, 0x00000000f7e00000|100%| E|CS|TAMS 0x00000000f7d00000, 0x00000000f7d00000| Complete 
|1150|0x00000000f7e00000, 0x00000000f7f00000, 0x00000000f7f00000|100%| E|CS|TAMS 0x00000000f7e00000, 0x00000000f7e00000| Complete 
|1151|0x00000000f7f00000, 0x00000000f8000000, 0x00000000f8000000|100%| E|CS|TAMS 0x00000000f7f00000, 0x00000000f7f00000| Complete 
|1152|0x00000000f8000000, 0x00000000f8100000, 0x00000000f8100000|100%| E|CS|TAMS 0x00000000f8000000, 0x00000000f8000000| Complete 
|1153|0x00000000f8100000, 0x00000000f8200000, 0x00000000f8200000|100%| E|CS|TAMS 0x00000000f8100000, 0x00000000f8100000| Complete 
|1154|0x00000000f8200000, 0x00000000f8300000, 0x00000000f8300000|100%| E|CS|TAMS 0x00000000f8200000, 0x00000000f8200000| Complete 
|1155|0x00000000f8300000, 0x00000000f8400000, 0x00000000f8400000|100%| E|CS|TAMS 0x00000000f8300000, 0x00000000f8300000| Complete 
|1156|0x00000000f8400000, 0x00000000f8500000, 0x00000000f8500000|100%| E|CS|TAMS 0x00000000f8400000, 0x00000000f8400000| Complete 
|1157|0x00000000f8500000, 0x00000000f8600000, 0x00000000f8600000|100%| E|CS|TAMS 0x00000000f8500000, 0x00000000f8500000| Complete 
|1158|0x00000000f8600000, 0x00000000f8700000, 0x00000000f8700000|100%| E|CS|TAMS 0x00000000f8600000, 0x00000000f8600000| Complete 
|1159|0x00000000f8700000, 0x00000000f8800000, 0x00000000f8800000|100%| E|CS|TAMS 0x00000000f8700000, 0x00000000f8700000| Complete 
|1160|0x00000000f8800000, 0x00000000f8900000, 0x00000000f8900000|100%| E|CS|TAMS 0x00000000f8800000, 0x00000000f8800000| Complete 
|1161|0x00000000f8900000, 0x00000000f8a00000, 0x00000000f8a00000|100%| E|CS|TAMS 0x00000000f8900000, 0x00000000f8900000| Complete 
|1162|0x00000000f8a00000, 0x00000000f8b00000, 0x00000000f8b00000|100%| E|CS|TAMS 0x00000000f8a00000, 0x00000000f8a00000| Complete 
|1163|0x00000000f8b00000, 0x00000000f8c00000, 0x00000000f8c00000|100%| E|CS|TAMS 0x00000000f8b00000, 0x00000000f8b00000| Complete 
|1164|0x00000000f8c00000, 0x00000000f8d00000, 0x00000000f8d00000|100%| E|CS|TAMS 0x00000000f8c00000, 0x00000000f8c00000| Complete 
|1165|0x00000000f8d00000, 0x00000000f8e00000, 0x00000000f8e00000|100%| E|CS|TAMS 0x00000000f8d00000, 0x00000000f8d00000| Complete 
|1166|0x00000000f8e00000, 0x00000000f8f00000, 0x00000000f8f00000|100%| E|CS|TAMS 0x00000000f8e00000, 0x00000000f8e00000| Complete 
|1167|0x00000000f8f00000, 0x00000000f9000000, 0x00000000f9000000|100%| E|CS|TAMS 0x00000000f8f00000, 0x00000000f8f00000| Complete 
|1168|0x00000000f9000000, 0x00000000f9100000, 0x00000000f9100000|100%| E|CS|TAMS 0x00000000f9000000, 0x00000000f9000000| Complete 
|1169|0x00000000f9100000, 0x00000000f9200000, 0x00000000f9200000|100%| E|CS|TAMS 0x00000000f9100000, 0x00000000f9100000| Complete 
|1170|0x00000000f9200000, 0x00000000f9300000, 0x00000000f9300000|100%| E|CS|TAMS 0x00000000f9200000, 0x00000000f9200000| Complete 
|1171|0x00000000f9300000, 0x00000000f9400000, 0x00000000f9400000|100%| E|CS|TAMS 0x00000000f9300000, 0x00000000f9300000| Complete 
|1172|0x00000000f9400000, 0x00000000f9500000, 0x00000000f9500000|100%| E|CS|TAMS 0x00000000f9400000, 0x00000000f9400000| Complete 
|1173|0x00000000f9500000, 0x00000000f9600000, 0x00000000f9600000|100%| E|CS|TAMS 0x00000000f9500000, 0x00000000f9500000| Complete 
|1174|0x00000000f9600000, 0x00000000f9700000, 0x00000000f9700000|100%| E|CS|TAMS 0x00000000f9600000, 0x00000000f9600000| Complete 
|1175|0x00000000f9700000, 0x00000000f9800000, 0x00000000f9800000|100%| E|CS|TAMS 0x00000000f9700000, 0x00000000f9700000| Complete 
|1176|0x00000000f9800000, 0x00000000f9900000, 0x00000000f9900000|100%| E|CS|TAMS 0x00000000f9800000, 0x00000000f9800000| Complete 
|1177|0x00000000f9900000, 0x00000000f9a00000, 0x00000000f9a00000|100%| E|CS|TAMS 0x00000000f9900000, 0x00000000f9900000| Complete 
|1178|0x00000000f9a00000, 0x00000000f9b00000, 0x00000000f9b00000|100%| E|CS|TAMS 0x00000000f9a00000, 0x00000000f9a00000| Complete 
|1179|0x00000000f9b00000, 0x00000000f9c00000, 0x00000000f9c00000|100%| E|CS|TAMS 0x00000000f9b00000, 0x00000000f9b00000| Complete 
|1180|0x00000000f9c00000, 0x00000000f9d00000, 0x00000000f9d00000|100%| E|CS|TAMS 0x00000000f9c00000, 0x00000000f9c00000| Complete 
|1181|0x00000000f9d00000, 0x00000000f9e00000, 0x00000000f9e00000|100%| E|CS|TAMS 0x00000000f9d00000, 0x00000000f9d00000| Complete 
|1182|0x00000000f9e00000, 0x00000000f9f00000, 0x00000000f9f00000|100%| E|CS|TAMS 0x00000000f9e00000, 0x00000000f9e00000| Complete 
|1183|0x00000000f9f00000, 0x00000000fa000000, 0x00000000fa000000|100%| E|CS|TAMS 0x00000000f9f00000, 0x00000000f9f00000| Complete 
|1184|0x00000000fa000000, 0x00000000fa100000, 0x00000000fa100000|100%| E|CS|TAMS 0x00000000fa000000, 0x00000000fa000000| Complete 
|1185|0x00000000fa100000, 0x00000000fa200000, 0x00000000fa200000|100%| E|CS|TAMS 0x00000000fa100000, 0x00000000fa100000| Complete 
|1186|0x00000000fa200000, 0x00000000fa300000, 0x00000000fa300000|100%| E|CS|TAMS 0x00000000fa200000, 0x00000000fa200000| Complete 
|1187|0x00000000fa300000, 0x00000000fa400000, 0x00000000fa400000|100%| E|CS|TAMS 0x00000000fa300000, 0x00000000fa300000| Complete 
|1188|0x00000000fa400000, 0x00000000fa500000, 0x00000000fa500000|100%| E|CS|TAMS 0x00000000fa400000, 0x00000000fa400000| Complete 
|1189|0x00000000fa500000, 0x00000000fa600000, 0x00000000fa600000|100%| E|CS|TAMS 0x00000000fa500000, 0x00000000fa500000| Complete 
|1190|0x00000000fa600000, 0x00000000fa700000, 0x00000000fa700000|100%| E|CS|TAMS 0x00000000fa600000, 0x00000000fa600000| Complete 
|1191|0x00000000fa700000, 0x00000000fa800000, 0x00000000fa800000|100%| E|CS|TAMS 0x00000000fa700000, 0x00000000fa700000| Complete 
|1192|0x00000000fa800000, 0x00000000fa900000, 0x00000000fa900000|100%| E|CS|TAMS 0x00000000fa800000, 0x00000000fa800000| Complete 
|1193|0x00000000fa900000, 0x00000000faa00000, 0x00000000faa00000|100%| E|CS|TAMS 0x00000000fa900000, 0x00000000fa900000| Complete 
|1194|0x00000000faa00000, 0x00000000fab00000, 0x00000000fab00000|100%| E|CS|TAMS 0x00000000faa00000, 0x00000000faa00000| Complete 
|1195|0x00000000fab00000, 0x00000000fac00000, 0x00000000fac00000|100%| E|CS|TAMS 0x00000000fab00000, 0x00000000fab00000| Complete 
|1196|0x00000000fac00000, 0x00000000fad00000, 0x00000000fad00000|100%| E|CS|TAMS 0x00000000fac00000, 0x00000000fac00000| Complete 
|1197|0x00000000fad00000, 0x00000000fae00000, 0x00000000fae00000|100%| E|CS|TAMS 0x00000000fad00000, 0x00000000fad00000| Complete 
|1198|0x00000000fae00000, 0x00000000faf00000, 0x00000000faf00000|100%| E|CS|TAMS 0x00000000fae00000, 0x00000000fae00000| Complete 
|1199|0x00000000faf00000, 0x00000000fb000000, 0x00000000fb000000|100%| E|CS|TAMS 0x00000000faf00000, 0x00000000faf00000| Complete 
|1200|0x00000000fb000000, 0x00000000fb100000, 0x00000000fb100000|100%| E|CS|TAMS 0x00000000fb000000, 0x00000000fb000000| Complete 
|1201|0x00000000fb100000, 0x00000000fb200000, 0x00000000fb200000|100%| E|CS|TAMS 0x00000000fb100000, 0x00000000fb100000| Complete 
|1202|0x00000000fb200000, 0x00000000fb300000, 0x00000000fb300000|100%| E|CS|TAMS 0x00000000fb200000, 0x00000000fb200000| Complete 
|1203|0x00000000fb300000, 0x00000000fb400000, 0x00000000fb400000|100%| E|CS|TAMS 0x00000000fb300000, 0x00000000fb300000| Complete 
|1204|0x00000000fb400000, 0x00000000fb500000, 0x00000000fb500000|100%| E|CS|TAMS 0x00000000fb400000, 0x00000000fb400000| Complete 
|1205|0x00000000fb500000, 0x00000000fb600000, 0x00000000fb600000|100%| E|CS|TAMS 0x00000000fb500000, 0x00000000fb500000| Complete 
|1206|0x00000000fb600000, 0x00000000fb700000, 0x00000000fb700000|100%| E|CS|TAMS 0x00000000fb600000, 0x00000000fb600000| Complete 
|1207|0x00000000fb700000, 0x00000000fb800000, 0x00000000fb800000|100%| E|CS|TAMS 0x00000000fb700000, 0x00000000fb700000| Complete 
|1208|0x00000000fb800000, 0x00000000fb900000, 0x00000000fb900000|100%| E|CS|TAMS 0x00000000fb800000, 0x00000000fb800000| Complete 
|1209|0x00000000fb900000, 0x00000000fba00000, 0x00000000fba00000|100%| E|CS|TAMS 0x00000000fb900000, 0x00000000fb900000| Complete 
|1210|0x00000000fba00000, 0x00000000fbb00000, 0x00000000fbb00000|100%| E|CS|TAMS 0x00000000fba00000, 0x00000000fba00000| Complete 
|1211|0x00000000fbb00000, 0x00000000fbc00000, 0x00000000fbc00000|100%| E|CS|TAMS 0x00000000fbb00000, 0x00000000fbb00000| Complete 
|1212|0x00000000fbc00000, 0x00000000fbd00000, 0x00000000fbd00000|100%| E|CS|TAMS 0x00000000fbc00000, 0x00000000fbc00000| Complete 
|1213|0x00000000fbd00000, 0x00000000fbe00000, 0x00000000fbe00000|100%| E|CS|TAMS 0x00000000fbd00000, 0x00000000fbd00000| Complete 
|1214|0x00000000fbe00000, 0x00000000fbf00000, 0x00000000fbf00000|100%| E|CS|TAMS 0x00000000fbe00000, 0x00000000fbe00000| Complete 
|1215|0x00000000fbf00000, 0x00000000fc000000, 0x00000000fc000000|100%| E|CS|TAMS 0x00000000fbf00000, 0x00000000fbf00000| Complete 
|1216|0x00000000fc000000, 0x00000000fc100000, 0x00000000fc100000|100%| E|CS|TAMS 0x00000000fc000000, 0x00000000fc000000| Complete 
|1217|0x00000000fc100000, 0x00000000fc200000, 0x00000000fc200000|100%| E|CS|TAMS 0x00000000fc100000, 0x00000000fc100000| Complete 
|1218|0x00000000fc200000, 0x00000000fc300000, 0x00000000fc300000|100%| E|CS|TAMS 0x00000000fc200000, 0x00000000fc200000| Complete 
|1219|0x00000000fc300000, 0x00000000fc400000, 0x00000000fc400000|100%| E|CS|TAMS 0x00000000fc300000, 0x00000000fc300000| Complete 
|1220|0x00000000fc400000, 0x00000000fc500000, 0x00000000fc500000|100%| E|CS|TAMS 0x00000000fc400000, 0x00000000fc400000| Complete 
|1221|0x00000000fc500000, 0x00000000fc600000, 0x00000000fc600000|100%| E|CS|TAMS 0x00000000fc500000, 0x00000000fc500000| Complete 
|1222|0x00000000fc600000, 0x00000000fc700000, 0x00000000fc700000|100%| E|CS|TAMS 0x00000000fc600000, 0x00000000fc600000| Complete 
|1223|0x00000000fc700000, 0x00000000fc800000, 0x00000000fc800000|100%| E|CS|TAMS 0x00000000fc700000, 0x00000000fc700000| Complete 
|1224|0x00000000fc800000, 0x00000000fc900000, 0x00000000fc900000|100%| E|CS|TAMS 0x00000000fc800000, 0x00000000fc800000| Complete 
|1225|0x00000000fc900000, 0x00000000fca00000, 0x00000000fca00000|100%| E|CS|TAMS 0x00000000fc900000, 0x00000000fc900000| Complete 
|1226|0x00000000fca00000, 0x00000000fcb00000, 0x00000000fcb00000|100%| E|CS|TAMS 0x00000000fca00000, 0x00000000fca00000| Complete 
|1227|0x00000000fcb00000, 0x00000000fcc00000, 0x00000000fcc00000|100%| E|CS|TAMS 0x00000000fcb00000, 0x00000000fcb00000| Complete 
|1228|0x00000000fcc00000, 0x00000000fcd00000, 0x00000000fcd00000|100%| E|CS|TAMS 0x00000000fcc00000, 0x00000000fcc00000| Complete 
|1229|0x00000000fcd00000, 0x00000000fce00000, 0x00000000fce00000|100%| E|CS|TAMS 0x00000000fcd00000, 0x00000000fcd00000| Complete 
|1230|0x00000000fce00000, 0x00000000fcf00000, 0x00000000fcf00000|100%| E|CS|TAMS 0x00000000fce00000, 0x00000000fce00000| Complete 
|1231|0x00000000fcf00000, 0x00000000fd000000, 0x00000000fd000000|100%| E|CS|TAMS 0x00000000fcf00000, 0x00000000fcf00000| Complete 
|1232|0x00000000fd000000, 0x00000000fd100000, 0x00000000fd100000|100%| E|CS|TAMS 0x00000000fd000000, 0x00000000fd000000| Complete 
|1233|0x00000000fd100000, 0x00000000fd200000, 0x00000000fd200000|100%| E|CS|TAMS 0x00000000fd100000, 0x00000000fd100000| Complete 
|1234|0x00000000fd200000, 0x00000000fd300000, 0x00000000fd300000|100%| E|CS|TAMS 0x00000000fd200000, 0x00000000fd200000| Complete 
|1235|0x00000000fd300000, 0x00000000fd400000, 0x00000000fd400000|100%| E|CS|TAMS 0x00000000fd300000, 0x00000000fd300000| Complete 
|1236|0x00000000fd400000, 0x00000000fd500000, 0x00000000fd500000|100%| E|CS|TAMS 0x00000000fd400000, 0x00000000fd400000| Complete 
|1237|0x00000000fd500000, 0x00000000fd600000, 0x00000000fd600000|100%| E|CS|TAMS 0x00000000fd500000, 0x00000000fd500000| Complete 
|1238|0x00000000fd600000, 0x00000000fd700000, 0x00000000fd700000|100%| E|CS|TAMS 0x00000000fd600000, 0x00000000fd600000| Complete 
|1239|0x00000000fd700000, 0x00000000fd800000, 0x00000000fd800000|100%| E|CS|TAMS 0x00000000fd700000, 0x00000000fd700000| Complete 
|1240|0x00000000fd800000, 0x00000000fd900000, 0x00000000fd900000|100%| E|CS|TAMS 0x00000000fd800000, 0x00000000fd800000| Complete 
|1241|0x00000000fd900000, 0x00000000fda00000, 0x00000000fda00000|100%| E|CS|TAMS 0x00000000fd900000, 0x00000000fd900000| Complete 
|1242|0x00000000fda00000, 0x00000000fdb00000, 0x00000000fdb00000|100%| E|CS|TAMS 0x00000000fda00000, 0x00000000fda00000| Complete 
|1243|0x00000000fdb00000, 0x00000000fdc00000, 0x00000000fdc00000|100%| E|CS|TAMS 0x00000000fdb00000, 0x00000000fdb00000| Complete 
|1244|0x00000000fdc00000, 0x00000000fdd00000, 0x00000000fdd00000|100%| E|CS|TAMS 0x00000000fdc00000, 0x00000000fdc00000| Complete 
|1245|0x00000000fdd00000, 0x00000000fde00000, 0x00000000fde00000|100%| E|CS|TAMS 0x00000000fdd00000, 0x00000000fdd00000| Complete 
|1246|0x00000000fde00000, 0x00000000fdf00000, 0x00000000fdf00000|100%| E|CS|TAMS 0x00000000fde00000, 0x00000000fde00000| Complete 
|1247|0x00000000fdf00000, 0x00000000fe000000, 0x00000000fe000000|100%| E|CS|TAMS 0x00000000fdf00000, 0x00000000fdf00000| Complete 
|1248|0x00000000fe000000, 0x00000000fe100000, 0x00000000fe100000|100%| E|CS|TAMS 0x00000000fe000000, 0x00000000fe000000| Complete 
|1249|0x00000000fe100000, 0x00000000fe200000, 0x00000000fe200000|100%| E|CS|TAMS 0x00000000fe100000, 0x00000000fe100000| Complete 
|1250|0x00000000fe200000, 0x00000000fe300000, 0x00000000fe300000|100%| E|CS|TAMS 0x00000000fe200000, 0x00000000fe200000| Complete 
|1251|0x00000000fe300000, 0x00000000fe400000, 0x00000000fe400000|100%| E|CS|TAMS 0x00000000fe300000, 0x00000000fe300000| Complete 
|1252|0x00000000fe400000, 0x00000000fe500000, 0x00000000fe500000|100%| E|CS|TAMS 0x00000000fe400000, 0x00000000fe400000| Complete 
|1253|0x00000000fe500000, 0x00000000fe600000, 0x00000000fe600000|100%| E|CS|TAMS 0x00000000fe500000, 0x00000000fe500000| Complete 
|1254|0x00000000fe600000, 0x00000000fe700000, 0x00000000fe700000|100%| E|CS|TAMS 0x00000000fe600000, 0x00000000fe600000| Complete 
|1255|0x00000000fe700000, 0x00000000fe800000, 0x00000000fe800000|100%| E|CS|TAMS 0x00000000fe700000, 0x00000000fe700000| Complete 
|1256|0x00000000fe800000, 0x00000000fe900000, 0x00000000fe900000|100%| E|CS|TAMS 0x00000000fe800000, 0x00000000fe800000| Complete 
|1257|0x00000000fe900000, 0x00000000fea00000, 0x00000000fea00000|100%| E|CS|TAMS 0x00000000fe900000, 0x00000000fe900000| Complete 
|1258|0x00000000fea00000, 0x00000000feb00000, 0x00000000feb00000|100%| E|CS|TAMS 0x00000000fea00000, 0x00000000fea00000| Complete 
|1259|0x00000000feb00000, 0x00000000fec00000, 0x00000000fec00000|100%| E|CS|TAMS 0x00000000feb00000, 0x00000000feb00000| Complete 
|1260|0x00000000fec00000, 0x00000000fed00000, 0x00000000fed00000|100%| E|CS|TAMS 0x00000000fec00000, 0x00000000fec00000| Complete 
|1261|0x00000000fed00000, 0x00000000fee00000, 0x00000000fee00000|100%| E|CS|TAMS 0x00000000fed00000, 0x00000000fed00000| Complete 
|1262|0x00000000fee00000, 0x00000000fef00000, 0x00000000fef00000|100%| E|CS|TAMS 0x00000000fee00000, 0x00000000fee00000| Complete 
|1263|0x00000000fef00000, 0x00000000ff000000, 0x00000000ff000000|100%| E|CS|TAMS 0x00000000fef00000, 0x00000000fef00000| Complete 
|1264|0x00000000ff000000, 0x00000000ff100000, 0x00000000ff100000|100%| E|CS|TAMS 0x00000000ff000000, 0x00000000ff000000| Complete 
|1265|0x00000000ff100000, 0x00000000ff200000, 0x00000000ff200000|100%| E|CS|TAMS 0x00000000ff100000, 0x00000000ff100000| Complete 
|1266|0x00000000ff200000, 0x00000000ff300000, 0x00000000ff300000|100%| E|CS|TAMS 0x00000000ff200000, 0x00000000ff200000| Complete 
|1267|0x00000000ff300000, 0x00000000ff400000, 0x00000000ff400000|100%| E|CS|TAMS 0x00000000ff300000, 0x00000000ff300000| Complete 
|1268|0x00000000ff400000, 0x00000000ff500000, 0x00000000ff500000|100%| E|CS|TAMS 0x00000000ff400000, 0x00000000ff400000| Complete 
|1269|0x00000000ff500000, 0x00000000ff600000, 0x00000000ff600000|100%| E|CS|TAMS 0x00000000ff500000, 0x00000000ff500000| Complete 
|1270|0x00000000ff600000, 0x00000000ff700000, 0x00000000ff700000|100%| E|CS|TAMS 0x00000000ff600000, 0x00000000ff600000| Complete 
|1271|0x00000000ff700000, 0x00000000ff800000, 0x00000000ff800000|100%| E|CS|TAMS 0x00000000ff700000, 0x00000000ff700000| Complete 
|1272|0x00000000ff800000, 0x00000000ff900000, 0x00000000ff900000|100%| E|CS|TAMS 0x00000000ff800000, 0x00000000ff800000| Complete 
|1273|0x00000000ff900000, 0x00000000ffa00000, 0x00000000ffa00000|100%| E|CS|TAMS 0x00000000ff900000, 0x00000000ff900000| Complete 
|1274|0x00000000ffa00000, 0x00000000ffb00000, 0x00000000ffb00000|100%| E|CS|TAMS 0x00000000ffa00000, 0x00000000ffa00000| Complete 
|1275|0x00000000ffb00000, 0x00000000ffc00000, 0x00000000ffc00000|100%| E|CS|TAMS 0x00000000ffb00000, 0x00000000ffb00000| Complete 
|1276|0x00000000ffc00000, 0x00000000ffd00000, 0x00000000ffd00000|100%| E|CS|TAMS 0x00000000ffc00000, 0x00000000ffc00000| Complete 
|1277|0x00000000ffd00000, 0x00000000ffe00000, 0x00000000ffe00000|100%| E|CS|TAMS 0x00000000ffd00000, 0x00000000ffd00000| Complete 
|1278|0x00000000ffe00000, 0x00000000fff00000, 0x00000000fff00000|100%| E|CS|TAMS 0x00000000ffe00000, 0x00000000ffe00000| Complete 
|1279|0x00000000fff00000, 0x0000000100000000, 0x0000000100000000|100%| E|CS|TAMS 0x00000000fff00000, 0x00000000fff00000| Complete 

Card table byte_map: [0x000001f9f2e30000,0x000001f9f30b0000] _byte_map_base: 0x000001f9f28b0000

Marking Bits (Prev, Next): (CMBitMap*) 0x000001f9db0c49f0, (CMBitMap*) 0x000001f9db0c4a30
 Prev Bits: [0x000001f9f3330000, 0x000001f9f4730000)
 Next Bits: [0x000001f9f4730000, 0x000001f9f5b30000)

Polling page: 0x000001f9d8ea0000

Metaspace:

Usage:
  Non-class:    164.66 MB used.
      Class:     25.37 MB used.
       Both:    190.03 MB used.

Virtual space:
  Non-class space:      192.00 MB reserved,     165.81 MB ( 86%) committed,  3 nodes.
      Class space:      320.00 MB reserved,      26.31 MB (  8%) committed,  1 nodes.
             Both:      512.00 MB reserved,     192.12 MB ( 38%) committed. 

Chunk freelists:
   Non-Class:  9.30 MB
       Class:  5.64 MB
        Both:  14.94 MB

MaxMetaspaceSize: 384.00 MB
CompressedClassSpaceSize: 320.00 MB
Initial GC threshold: 21.00 MB
Current GC threshold: 320.00 MB
CDS: on
MetaspaceReclaimPolicy: balanced
 - commit_granule_bytes: 65536.
 - commit_granule_words: 8192.
 - virtual_space_node_default_size: 8388608.
 - enlarge_chunks_in_place: 1.
 - new_chunks_are_fully_committed: 0.
 - uncommit_free_chunks: 1.
 - use_allocation_guard: 0.
 - handle_deallocations: 1.


Internal statistics:

num_allocs_failed_limit: 12.
num_arena_births: 4856.
num_arena_deaths: 1882.
num_vsnodes_births: 4.
num_vsnodes_deaths: 0.
num_space_committed: 3110.
num_space_uncommitted: 38.
num_chunks_returned_to_freelist: 2557.
num_chunks_taken_from_freelist: 15591.
num_chunk_merges: 751.
num_chunk_splits: 8979.
num_chunks_enlarged: 5365.
num_inconsistent_stats: 0.

CodeHeap 'non-profiled nmethods': size=128192Kb used=53325Kb max_used=53325Kb free=74867Kb
 bounds [0x000001f9eae80000, 0x000001f9ee2f0000, 0x000001f9f2bb0000]
CodeHeap 'profiled nmethods': size=128192Kb used=72137Kb max_used=72137Kb free=56055Kb
 bounds [0x000001f9e2bb0000, 0x000001f9e7250000, 0x000001f9ea8e0000]
CodeHeap 'non-nmethods': size=5760Kb used=2591Kb max_used=2724Kb free=3168Kb
 bounds [0x000001f9ea8e0000, 0x000001f9eabc0000, 0x000001f9eae80000]
 total_blobs=38878 nmethods=37724 adapters=1063
 compilation: enabled
              stopped_count=0, restarted_count=0
 full_count=0

Compilation events (20 events):
Event: 1998.744 Thread 0x000001f9f7fe4df0 58412       3       com.android.tools.r8.internal.rT::a (322 bytes)
Event: 1998.749 Thread 0x000001f9f7fe4df0 nmethod 58412 0x000001f9e704e310 code [0x000001f9e704e7c0, 0x000001f9e7050d88]
Event: 1998.760 Thread 0x000001f9f7fe4df0 58413       2       com.android.tools.r8.graph.K2::y0 (134 bytes)
Event: 1998.761 Thread 0x000001f9f7fe4df0 nmethod 58413 0x000001f9e704dc90 code [0x000001f9e704de60, 0x000001f9e704e178]
Event: 1998.766 Thread 0x000001f9f7fe4df0 58414       3       com.android.tools.r8.internal.qZ::a (208 bytes)
Event: 1998.770 Thread 0x000001f9f7fe4df0 nmethod 58414 0x000001f9e7054710 code [0x000001f9e7054be0, 0x000001f9e7058058]
Event: 1998.777 Thread 0x000001f9f7fe4df0 58415       2       com.android.tools.r8.internal.tx$$Lambda$7093/0x000001f982a52000::test (8 bytes)
Event: 1998.778 Thread 0x000001f9f7fe4df0 nmethod 58415 0x000001f9e7054290 code [0x000001f9e7054420, 0x000001f9e70545b8]
Event: 1999.148 Thread 0x000001f9f7fe4df0 58416       3       com.android.tools.r8.internal.DI::a (24 bytes)
Event: 1999.152 Thread 0x000001f9f7fe4df0 nmethod 58416 0x000001f9e7069c10 code [0x000001f9e7069e00, 0x000001f9e706a4a8]
Event: 1999.162 Thread 0x000001f9f7fe4df0 58418       3       com.android.tools.r8.internal.nG::a (168 bytes)
Event: 1999.165 Thread 0x000001f9f7fe4df0 nmethod 58418 0x000001f9e6a3f510 code [0x000001f9e6a3f760, 0x000001f9e6a40078]
Event: 1999.336 Thread 0x000001f9f7fe4df0 58419       3       com.android.tools.r8.internal.X3::a (358 bytes)
Event: 1999.342 Thread 0x000001f9f7fe4df0 nmethod 58419 0x000001f9e6621990 code [0x000001f9e6621de0, 0x000001f9e6624258]
Event: 2000.104 Thread 0x000001f9f7fe34d0 nmethod 58384% 0x000001f9ee2ce810 code [0x000001f9ee2cf0e0, 0x000001f9ee2d7518]
Event: 2000.107 Thread 0x000001f9f7fe34d0 58417       4       com.android.tools.r8.internal.rT::a (193 bytes)
Event: 2000.157 Thread 0x000001f9f7fe34d0 nmethod 58417 0x000001f9edc0b690 code [0x000001f9edc0b8e0, 0x000001f9edc0c610]
Event: 2000.157 Thread 0x000001f9f7fe34d0 58087 %     4       com.android.tools.r8.internal.rT::b @ 924 (2119 bytes)
Event: 2000.460 Thread 0x000001f9f7fe4df0 58421       3       com.android.tools.r8.internal.lp::hashCode (13 bytes)
Event: 2000.460 Thread 0x000001f9f7fe4df0 nmethod 58421 0x000001f9e6a3f090 code [0x000001f9e6a3f240, 0x000001f9e6a3f448]

GC Heap History (20 events):
Event: 1981.843 GC heap before
{Heap before GC invocations=848 (full 2):
 garbage-first heap   total 1310720K, used 1049923K [0x00000000b0000000, 0x0000000100000000)
  region size 1024K, 247 young (252928K), 5 survivors (5120K)
 Metaspace       used 194487K, committed 196608K, reserved 524288K
  class space    used 25975K, committed 26944K, reserved 327680K
}
Event: 1981.861 GC heap after
{Heap after GC invocations=849 (full 2):
 garbage-first heap   total 1310720K, used 803050K [0x00000000b0000000, 0x0000000100000000)
  region size 1024K, 6 young (6144K), 6 survivors (6144K)
 Metaspace       used 194487K, committed 196608K, reserved 524288K
  class space    used 25975K, committed 26944K, reserved 327680K
}
Event: 1984.719 GC heap before
{Heap before GC invocations=850 (full 2):
 garbage-first heap   total 1310720K, used 1104106K [0x00000000b0000000, 0x0000000100000000)
  region size 1024K, 300 young (307200K), 6 survivors (6144K)
 Metaspace       used 194528K, committed 196672K, reserved 524288K
  class space    used 25979K, committed 26944K, reserved 327680K
}
Event: 1984.761 GC heap after
{Heap after GC invocations=851 (full 2):
 garbage-first heap   total 1310720K, used 807235K [0x00000000b0000000, 0x0000000100000000)
  region size 1024K, 10 young (10240K), 10 survivors (10240K)
 Metaspace       used 194528K, committed 196672K, reserved 524288K
  class space    used 25979K, committed 26944K, reserved 327680K
}
Event: 1985.004 GC heap before
{Heap before GC invocations=851 (full 2):
 garbage-first heap   total 1310720K, used 861507K [0x00000000b0000000, 0x0000000100000000)
  region size 1024K, 64 young (65536K), 10 survivors (10240K)
 Metaspace       used 194528K, committed 196672K, reserved 524288K
  class space    used 25979K, committed 26944K, reserved 327680K
}
Event: 1985.182 GC heap after
{Heap after GC invocations=852 (full 2):
 garbage-first heap   total 1310720K, used 728074K [0x00000000b0000000, 0x0000000100000000)
  region size 1024K, 3 young (3072K), 3 survivors (3072K)
 Metaspace       used 194528K, committed 196672K, reserved 524288K
  class space    used 25979K, committed 26944K, reserved 327680K
}
Event: 1985.451 GC heap before
{Heap before GC invocations=852 (full 2):
 garbage-first heap   total 1310720K, used 789514K [0x00000000b0000000, 0x0000000100000000)
  region size 1024K, 64 young (65536K), 3 survivors (3072K)
 Metaspace       used 194530K, committed 196672K, reserved 524288K
  class space    used 25979K, committed 26944K, reserved 327680K
}
Event: 1985.484 GC heap after
{Heap after GC invocations=853 (full 2):
 garbage-first heap   total 1310720K, used 728010K [0x00000000b0000000, 0x0000000100000000)
  region size 1024K, 4 young (4096K), 4 survivors (4096K)
 Metaspace       used 194530K, committed 196672K, reserved 524288K
  class space    used 25979K, committed 26944K, reserved 327680K
}
Event: 1987.519 GC heap before
{Heap before GC invocations=853 (full 2):
 garbage-first heap   total 1310720K, used 1092554K [0x00000000b0000000, 0x0000000100000000)
  region size 1024K, 360 young (368640K), 4 survivors (4096K)
 Metaspace       used 194533K, committed 196672K, reserved 524288K
  class space    used 25979K, committed 26944K, reserved 327680K
}
Event: 1987.689 GC heap after
{Heap after GC invocations=854 (full 2):
 garbage-first heap   total 1310720K, used 729861K [0x00000000b0000000, 0x0000000100000000)
  region size 1024K, 5 young (5120K), 5 survivors (5120K)
 Metaspace       used 194533K, committed 196672K, reserved 524288K
  class space    used 25979K, committed 26944K, reserved 327680K
}
Event: 1989.125 GC heap before
{Heap before GC invocations=854 (full 2):
 garbage-first heap   total 1310720K, used 946949K [0x00000000b0000000, 0x0000000100000000)
  region size 1024K, 217 young (222208K), 5 survivors (5120K)
 Metaspace       used 194544K, committed 196672K, reserved 524288K
  class space    used 25980K, committed 26944K, reserved 327680K
}
Event: 1989.145 GC heap after
{Heap after GC invocations=855 (full 2):
 garbage-first heap   total 1310720K, used 730732K [0x00000000b0000000, 0x0000000100000000)
  region size 1024K, 6 young (6144K), 6 survivors (6144K)
 Metaspace       used 194544K, committed 196672K, reserved 524288K
  class space    used 25980K, committed 26944K, reserved 327680K
}
Event: 1990.133 GC heap before
{Heap before GC invocations=855 (full 2):
 garbage-first heap   total 1310720K, used 993900K [0x00000000b0000000, 0x0000000100000000)
  region size 1024K, 263 young (269312K), 6 survivors (6144K)
 Metaspace       used 194553K, committed 196672K, reserved 524288K
  class space    used 25980K, committed 26944K, reserved 327680K
}
Event: 1990.153 GC heap after
{Heap after GC invocations=856 (full 2):
 garbage-first heap   total 1310720K, used 731909K [0x00000000b0000000, 0x0000000100000000)
  region size 1024K, 7 young (7168K), 7 survivors (7168K)
 Metaspace       used 194553K, committed 196672K, reserved 524288K
  class space    used 25980K, committed 26944K, reserved 327680K
}
Event: 1992.184 GC heap before
{Heap before GC invocations=856 (full 2):
 garbage-first heap   total 1310720K, used 1047301K [0x00000000b0000000, 0x0000000100000000)
  region size 1024K, 315 young (322560K), 7 survivors (7168K)
 Metaspace       used 194565K, committed 196672K, reserved 524288K
  class space    used 25981K, committed 26944K, reserved 327680K
}
Event: 1992.207 GC heap after
{Heap after GC invocations=857 (full 2):
 garbage-first heap   total 1310720K, used 734593K [0x00000000b0000000, 0x0000000100000000)
  region size 1024K, 10 young (10240K), 10 survivors (10240K)
 Metaspace       used 194565K, committed 196672K, reserved 524288K
  class space    used 25981K, committed 26944K, reserved 327680K
}
Event: 1995.307 GC heap before
{Heap before GC invocations=857 (full 2):
 garbage-first heap   total 1310720K, used 1142145K [0x00000000b0000000, 0x0000000100000000)
  region size 1024K, 408 young (417792K), 10 survivors (10240K)
 Metaspace       used 194569K, committed 196672K, reserved 524288K
  class space    used 25981K, committed 26944K, reserved 327680K
}
Event: 1995.383 GC heap after
{Heap after GC invocations=858 (full 2):
 garbage-first heap   total 1310720K, used 737439K [0x00000000b0000000, 0x0000000100000000)
  region size 1024K, 13 young (13312K), 13 survivors (13312K)
 Metaspace       used 194569K, committed 196672K, reserved 524288K
  class space    used 25981K, committed 26944K, reserved 327680K
}
Event: 1998.148 GC heap before
{Heap before GC invocations=858 (full 2):
 garbage-first heap   total 1310720K, used 1147039K [0x00000000b0000000, 0x0000000100000000)
  region size 1024K, 413 young (422912K), 13 survivors (13312K)
 Metaspace       used 194590K, committed 196736K, reserved 524288K
  class space    used 25981K, committed 26944K, reserved 327680K
}
Event: 1998.221 GC heap after
{Heap after GC invocations=859 (full 2):
 garbage-first heap   total 1310720K, used 739589K [0x00000000b0000000, 0x0000000100000000)
  region size 1024K, 15 young (15360K), 15 survivors (15360K)
 Metaspace       used 194590K, committed 196736K, reserved 524288K
  class space    used 25981K, committed 26944K, reserved 327680K
}

Dll operation events (16 events):
Event: 0.017 Loaded shared library C:\Program Files\Microsoft\jdk-17.0.13.11-hotspot\bin\java.dll
Event: 0.040 Loaded shared library C:\Program Files\Microsoft\jdk-17.0.13.11-hotspot\bin\jsvml.dll
Event: 0.111 Loaded shared library C:\Program Files\Microsoft\jdk-17.0.13.11-hotspot\bin\zip.dll
Event: 0.115 Loaded shared library C:\Program Files\Microsoft\jdk-17.0.13.11-hotspot\bin\instrument.dll
Event: 0.120 Loaded shared library C:\Program Files\Microsoft\jdk-17.0.13.11-hotspot\bin\net.dll
Event: 0.123 Loaded shared library C:\Program Files\Microsoft\jdk-17.0.13.11-hotspot\bin\nio.dll
Event: 0.125 Loaded shared library C:\Program Files\Microsoft\jdk-17.0.13.11-hotspot\bin\zip.dll
Event: 0.374 Loaded shared library C:\Program Files\Microsoft\jdk-17.0.13.11-hotspot\bin\jimage.dll
Event: 0.669 Loaded shared library C:\Program Files\Microsoft\jdk-17.0.13.11-hotspot\bin\verify.dll
Event: 0.732 Loaded shared library D:\Android\.gradle\native\1def1411415f61bf3af743bc5b6707747c0891f09f0c88961ee8f79bc544acac\windows-amd64\native-platform.dll
Event: 0.788 Loaded shared library D:\Android\.gradle\native\0.2.8\x86_64-windows-gnu\gradle-fileevents.dll
Event: 4.454 Loaded shared library C:\Program Files\Microsoft\jdk-17.0.13.11-hotspot\bin\management.dll
Event: 4.456 Loaded shared library C:\Program Files\Microsoft\jdk-17.0.13.11-hotspot\bin\management_ext.dll
Event: 4.729 Loaded shared library C:\Program Files\Microsoft\jdk-17.0.13.11-hotspot\bin\extnet.dll
Event: 5.117 Loaded shared library C:\Program Files\Microsoft\jdk-17.0.13.11-hotspot\bin\sunmscapi.dll
Event: 961.005 Loaded shared library C:\Program Files\Microsoft\jdk-17.0.13.11-hotspot\bin\rmi.dll

Deoptimization events (20 events):
Event: 1998.978 Thread 0x000001f9a10c2a40 Uncommon trap: trap_request=0xffffff45 fr.pc=0x000001f9edbd6a18 relative=0x0000000000001178
Event: 1998.978 Thread 0x000001f9a10c2a40 Uncommon trap: reason=unstable_if action=reinterpret pc=0x000001f9edbd6a18 method=com.android.tools.r8.internal.nG.d(I)V @ 38 c2
Event: 1998.978 Thread 0x000001f9a10c2a40 DEOPT PACKING pc=0x000001f9edbd6a18 sp=0x00000077343fd4d0
Event: 1998.978 Thread 0x000001f9a10c2a40 DEOPT UNPACKING pc=0x000001f9ea9369a3 sp=0x00000077343fd408 mode 2
Event: 1998.979 Thread 0x000001f9a10c2a40 DEOPT PACKING pc=0x000001f9e6fb588e sp=0x00000077343fe280
Event: 1998.979 Thread 0x000001f9a10c2a40 DEOPT UNPACKING pc=0x000001f9ea937143 sp=0x00000077343fdb78 mode 0
Event: 1998.987 Thread 0x000001f9a10c6700 DEOPT PACKING pc=0x000001f9e6fdb5ab sp=0x00000077334fe170
Event: 1998.987 Thread 0x000001f9a10c6700 DEOPT UNPACKING pc=0x000001f9ea937143 sp=0x00000077334fd780 mode 0
Event: 1999.048 Thread 0x000001f9a10c7b40 DEOPT PACKING pc=0x000001f9e72209a7 sp=0x00000077333fdf80
Event: 1999.048 Thread 0x000001f9a10c7b40 DEOPT UNPACKING pc=0x000001f9ea937143 sp=0x00000077333fd670 mode 0
Event: 1999.236 Thread 0x000001f9a10c6700 DEOPT PACKING pc=0x000001f9e6fdb543 sp=0x00000077334fe170
Event: 1999.236 Thread 0x000001f9a10c6700 DEOPT UNPACKING pc=0x000001f9ea937143 sp=0x00000077334fd770 mode 0
Event: 1999.469 Thread 0x000001f9a10c2a40 DEOPT PACKING pc=0x000001f9e6fb5715 sp=0x00000077343fe280
Event: 1999.469 Thread 0x000001f9a10c2a40 DEOPT UNPACKING pc=0x000001f9ea937143 sp=0x00000077343fdb78 mode 0
Event: 1999.604 Thread 0x000001f9a10c6700 DEOPT PACKING pc=0x000001f9e6fdb543 sp=0x00000077334fd8a0
Event: 1999.614 Thread 0x000001f9a10c6700 DEOPT UNPACKING pc=0x000001f9ea937143 sp=0x00000077334fcea0 mode 0
Event: 2000.091 Thread 0x000001f9a10c7630 DEOPT PACKING pc=0x000001f9e6fb588e sp=0x0000007732ffe1b0
Event: 2000.091 Thread 0x000001f9a10c7630 DEOPT UNPACKING pc=0x000001f9ea937143 sp=0x0000007732ffdaa8 mode 0
Event: 2000.143 Thread 0x000001f9a10c7b40 DEOPT PACKING pc=0x000001f9e6fdb5ab sp=0x00000077333fe070
Event: 2000.143 Thread 0x000001f9a10c7b40 DEOPT UNPACKING pc=0x000001f9ea937143 sp=0x00000077333fd680 mode 0

Classes loaded (20 events):
Event: 1314.069 Loading class java/util/IdentityHashMap$EntryIterator$Entry
Event: 1314.074 Loading class java/util/IdentityHashMap$EntryIterator$Entry done
Event: 1324.275 Loading class java/util/ArrayDeque$DescendingIterator
Event: 1324.279 Loading class java/util/ArrayDeque$DescendingIterator done
Event: 1341.612 Loading class java/util/concurrent/ConcurrentHashMap$KeySpliterator
Event: 1342.088 Loading class java/util/concurrent/ConcurrentHashMap$KeySpliterator done
Event: 1440.709 Loading class java/util/IdentityHashMap$EntrySpliterator
Event: 1440.722 Loading class java/util/IdentityHashMap$IdentityHashMapSpliterator
Event: 1440.827 Loading class java/util/IdentityHashMap$IdentityHashMapSpliterator done
Event: 1440.827 Loading class java/util/IdentityHashMap$EntrySpliterator done
Event: 1440.876 Loading class java/util/stream/SortedOps$RefSortingSink
Event: 1441.039 Loading class java/util/stream/SortedOps$RefSortingSink done
Event: 1441.687 Loading class java/util/SortedSet$1
Event: 1441.690 Loading class java/util/SortedSet$1 done
Event: 1443.158 Loading class java/util/IdentityHashMap$ValueSpliterator
Event: 1443.159 Loading class java/util/IdentityHashMap$ValueSpliterator done
Event: 1549.245 Loading class java/util/function/ObjIntConsumer
Event: 1549.250 Loading class java/util/function/ObjIntConsumer done
Event: 1701.646 Loading class java/util/IdentityHashMap$KeySpliterator
Event: 1701.674 Loading class java/util/IdentityHashMap$KeySpliterator done

Classes unloaded (20 events):
Event: 1754.155 Thread 0x000001f9f7fbc000 Unloading class 0x000001f982948400 'jdk/internal/reflect/GeneratedSerializationConstructorAccessor195'
Event: 1771.099 Thread 0x000001f9f7fbc000 Unloading class 0x000001f982991800 'java/lang/invoke/LambdaForm$MH+0x000001f982991800'
Event: 1771.099 Thread 0x000001f9f7fbc000 Unloading class 0x000001f982991400 'java/lang/invoke/LambdaForm$MH+0x000001f982991400'
Event: 1771.100 Thread 0x000001f9f7fbc000 Unloading class 0x000001f982991000 'java/lang/invoke/LambdaForm$MH+0x000001f982991000'
Event: 1771.100 Thread 0x000001f9f7fbc000 Unloading class 0x000001f982990400 'java/lang/invoke/LambdaForm$DMH+0x000001f982990400'
Event: 1771.100 Thread 0x000001f9f7fbc000 Unloading class 0x000001f98298dc00 'java/lang/invoke/LambdaForm$DMH+0x000001f98298dc00'
Event: 1771.100 Thread 0x000001f9f7fbc000 Unloading class 0x000001f982990800 'java/lang/invoke/LambdaForm$DMH+0x000001f982990800'
Event: 1771.100 Thread 0x000001f9f7fbc000 Unloading class 0x000001f98298d800 'java/lang/invoke/LambdaForm$DMH+0x000001f98298d800'
Event: 1771.100 Thread 0x000001f9f7fbc000 Unloading class 0x000001f98298d400 'java/lang/invoke/LambdaForm$DMH+0x000001f98298d400'
Event: 1771.100 Thread 0x000001f9f7fbc000 Unloading class 0x000001f98298d000 'java/lang/invoke/LambdaForm$DMH+0x000001f98298d000'
Event: 1771.100 Thread 0x000001f9f7fbc000 Unloading class 0x000001f98298c800 'java/lang/invoke/LambdaForm$DMH+0x000001f98298c800'
Event: 1771.100 Thread 0x000001f9f7fbc000 Unloading class 0x000001f982964800 'java/lang/invoke/LambdaForm$MH+0x000001f982964800'
Event: 1771.100 Thread 0x000001f9f7fbc000 Unloading class 0x000001f982963800 'java/lang/invoke/LambdaForm$MH+0x000001f982963800'
Event: 1771.100 Thread 0x000001f9f7fbc000 Unloading class 0x000001f982963000 'java/lang/invoke/LambdaForm$MH+0x000001f982963000'
Event: 1771.100 Thread 0x000001f9f7fbc000 Unloading class 0x000001f982964000 'java/lang/invoke/LambdaForm$MH+0x000001f982964000'
Event: 1771.100 Thread 0x000001f9f7fbc000 Unloading class 0x000001f982962800 'java/lang/invoke/LambdaForm$MH+0x000001f982962800'
Event: 1771.100 Thread 0x000001f9f7fbc000 Unloading class 0x000001f982962000 'java/lang/invoke/LambdaForm$MH+0x000001f982962000'
Event: 1771.100 Thread 0x000001f9f7fbc000 Unloading class 0x000001f982963c00 'java/lang/invoke/LambdaForm$MH+0x000001f982963c00'
Event: 1771.100 Thread 0x000001f9f7fbc000 Unloading class 0x000001f982960800 'java/lang/invoke/LambdaForm$MH+0x000001f982960800'
Event: 1918.511 Thread 0x000001f9f7fbc000 Unloading class 0x000001f982a08400 'java/lang/invoke/LambdaForm$DMH+0x000001f982a08400'

Classes redefined (0 events):
No events

Internal exceptions (20 events):
Event: 1863.568 Thread 0x000001f9a1a6ed50 Exception <a 'java/lang/NoSuchMethodError'{0x00000000ffc1d738}: static [B.<clinit>()V> (0x00000000ffc1d738) 
thrown [s\src\hotspot\share\prims\jni.cpp, line 1112]
Event: 1877.926 Thread 0x000001f9a10c6700 Implicit null exception at 0x000001f9ecbf7815 to 0x000001f9ecbf8664
Event: 1887.310 Thread 0x000001f9a01cfb50 Exception <a 'java/lang/IncompatibleClassChangeError'{0x00000000feb3b0a0}: Found class java.lang.Object, but interface was expected> (0x00000000feb3b0a0) 
thrown [s\src\hotspot\share\interpreter\linkResolver.cpp, line 826]
Event: 1887.395 Thread 0x000001f9a01cfb50 Exception <a 'java/lang/NoSuchMethodError'{0x00000000feba8290}: 'void java.lang.invoke.DirectMethodHandle$Holder.invokeSpecial(java.lang.Object, java.lang.Object, java.lang.Object, int, java.lang.Object, java.lang.Object, java.lang.Object, java.lang.Object)'> (0x00000000feba8290) 
thrown [s\src\hotspot\share\interpreter\linkResolver.cpp, line 759]
Event: 1907.990 Thread 0x000001f9a01cfb50 Exception <a 'java/lang/IncompatibleClassChangeError'{0x00000000fa640228}: Found class java.lang.Object, but interface was expected> (0x00000000fa640228) 
thrown [s\src\hotspot\share\interpreter\linkResolver.cpp, line 826]
Event: 1911.843 Thread 0x000001f9a10c6700 Exception <a 'java/lang/NoSuchMethodError'{0x00000000fb3275b0}: 'void java.lang.invoke.DirectMethodHandle$Holder.invokeStatic(java.lang.Object, int, int, java.lang.Object)'> (0x00000000fb3275b0) 
thrown [s\src\hotspot\share\interpreter\linkResolver.cpp, line 759]
Event: 1934.742 Thread 0x000001f9a10c6700 Implicit null exception at 0x000001f9ed417e47 to 0x000001f9ed418f08
Event: 1934.847 Thread 0x000001f9a10c7b40 Implicit null exception at 0x000001f9ed721a47 to 0x000001f9ed722aec
Event: 1934.898 Thread 0x000001f9a10c2a40 Implicit null exception at 0x000001f9ed721a47 to 0x000001f9ed722aec
Event: 1951.072 Thread 0x000001f9a01cfb50 Implicit null exception at 0x000001f9eca7bd20 to 0x000001f9eca7cb50
Event: 1951.072 Thread 0x000001f9a01cfb50 Implicit null exception at 0x000001f9ebeb5700 to 0x000001f9ebeb5d40
Event: 1951.089 Thread 0x000001f9a01cfb50 Implicit null exception at 0x000001f9ec6af893 to 0x000001f9ec6afbd8
Event: 1951.089 Thread 0x000001f9a01cfb50 Implicit null exception at 0x000001f9ec75c6b5 to 0x000001f9ec75cca0
Event: 1965.263 Thread 0x000001f9a10c7b40 Implicit null exception at 0x000001f9ed1ac430 to 0x000001f9ed1ac44a
Event: 1966.059 Thread 0x000001f9a10c6700 Exception <a 'java/lang/NoSuchMethodError'{0x00000000f0e5aea8}: 'void java.lang.invoke.DirectMethodHandle$Holder.invokeVirtual(java.lang.Object, java.lang.Object, int)'> (0x00000000f0e5aea8) 
thrown [s\src\hotspot\share\interpreter\linkResolver.cpp, line 759]
Event: 1966.826 Thread 0x000001f9a10c7b40 Exception <a 'java/lang/NoSuchMethodError'{0x00000000f0bab108}: 'void java.lang.invoke.DirectMethodHandle$Holder.invokeStatic(java.lang.Object, int)'> (0x00000000f0bab108) 
thrown [s\src\hotspot\share\interpreter\linkResolver.cpp, line 759]
Event: 1966.875 Thread 0x000001f9a10c6700 Implicit null exception at 0x000001f9ecc97d80 to 0x000001f9ecc98cec
Event: 1966.882 Thread 0x000001f9a10c6700 Implicit null exception at 0x000001f9ecdfcb30 to 0x000001f9ecdfcb50
Event: 1967.382 Thread 0x000001f9a10c2a40 Exception <a 'java/lang/NoSuchMethodError'{0x00000000f05ad618}: 'int java.lang.invoke.DirectMethodHandle$Holder.invokeStatic(java.lang.Object, java.lang.Object, java.lang.Object, java.lang.Object, int, java.lang.Object)'> (0x00000000f05ad618) 
thrown [s\src\hotspot\share\interpreter\linkResolver.cpp, line 759]
Event: 1971.194 Thread 0x000001f9a10c6700 Exception <a 'java/lang/NoSuchMethodError'{0x00000000fc9e54e8}: 'java.lang.Object java.lang.invoke.DirectMethodHandle$Holder.newInvokeSpecial(java.lang.Object, int, java.lang.Object, java.lang.Object, java.lang.Object, java.lang.Object)'> (0x00000000fc9e54e8) 
thrown [s\src\hotspot\share\interpreter\linkResolver.cpp, line 759]

VM Operations (20 events):
Event: 1991.161 Executing VM operation: Cleanup
Event: 1991.177 Executing VM operation: Cleanup done
Event: 1992.166 Executing VM operation: G1CollectForAllocation
Event: 1992.207 Executing VM operation: G1CollectForAllocation done
Event: 1993.221 Executing VM operation: Cleanup
Event: 1993.233 Executing VM operation: Cleanup done
Event: 1994.243 Executing VM operation: Cleanup
Event: 1994.243 Executing VM operation: Cleanup done
Event: 1995.247 Executing VM operation: Cleanup
Event: 1995.269 Executing VM operation: Cleanup done
Event: 1995.307 Executing VM operation: G1CollectForAllocation
Event: 1995.383 Executing VM operation: G1CollectForAllocation done
Event: 1996.385 Executing VM operation: Cleanup
Event: 1996.386 Executing VM operation: Cleanup done
Event: 1997.390 Executing VM operation: Cleanup
Event: 1997.397 Executing VM operation: Cleanup done
Event: 1998.148 Executing VM operation: G1CollectForAllocation
Event: 1998.221 Executing VM operation: G1CollectForAllocation done
Event: 1998.850 Executing VM operation: G1PauseRemark
Event: 1998.903 Executing VM operation: G1PauseRemark done

Memory protections (0 events):
No events

Nmethod flushes (20 events):
Event: 1987.986 Thread 0x000001f9f7fe7710 flushing  nmethod 0x000001f9e7079390
Event: 1987.986 Thread 0x000001f9f7fe7710 flushing  nmethod 0x000001f9e7079a10
Event: 1987.986 Thread 0x000001f9f7fe7710 flushing  nmethod 0x000001f9e707a690
Event: 1987.987 Thread 0x000001f9f7fe7710 flushing  nmethod 0x000001f9e7092090
Event: 1987.987 Thread 0x000001f9f7fe7710 flushing  nmethod 0x000001f9e70a3510
Event: 1987.987 Thread 0x000001f9f7fe7710 flushing  nmethod 0x000001f9e70a6b90
Event: 1987.987 Thread 0x000001f9f7fe7710 flushing  nmethod 0x000001f9e70a6f10
Event: 1987.987 Thread 0x000001f9f7fe7710 flushing  nmethod 0x000001f9e70a7710
Event: 1987.987 Thread 0x000001f9f7fe7710 flushing  nmethod 0x000001f9e70a7a90
Event: 1987.987 Thread 0x000001f9f7fe7710 flushing  nmethod 0x000001f9e70a8690
Event: 1987.987 Thread 0x000001f9f7fe7710 flushing  nmethod 0x000001f9e70a9590
Event: 1987.987 Thread 0x000001f9f7fe7710 flushing  nmethod 0x000001f9e70aa490
Event: 1987.987 Thread 0x000001f9f7fe7710 flushing  nmethod 0x000001f9e70ad590
Event: 1987.987 Thread 0x000001f9f7fe7710 flushing  nmethod 0x000001f9e70af210
Event: 1987.987 Thread 0x000001f9f7fe7710 flushing  nmethod 0x000001f9e70afd90
Event: 1987.987 Thread 0x000001f9f7fe7710 flushing  nmethod 0x000001f9e70b1a90
Event: 1987.987 Thread 0x000001f9f7fe7710 flushing  nmethod 0x000001f9e70b7410
Event: 1987.987 Thread 0x000001f9f7fe7710 flushing  nmethod 0x000001f9e70b7910
Event: 1987.987 Thread 0x000001f9f7fe7710 flushing  nmethod 0x000001f9e70cfd10
Event: 1987.987 Thread 0x000001f9f7fe7710 flushing  nmethod 0x000001f9e7130110

Events (20 events):
Event: 1290.061 Thread 0x000001f9a0738e80 Thread exited: 0x000001f9a0738e80
Event: 1338.473 Thread 0x000001f9a10c57d0 Thread exited: 0x000001f9a10c57d0
Event: 1353.458 Thread 0x000001f9f7fe4df0 Thread added: 0x000001f99e647b00
Event: 1372.538 Thread 0x000001f99e647b00 Thread exited: 0x000001f99e647b00
Event: 1482.915 Thread 0x000001f9f7fe4df0 Thread added: 0x000001f99f46b0b0
Event: 1528.063 Thread 0x000001f99f46b0b0 Thread exited: 0x000001f99f46b0b0
Event: 1562.156 Thread 0x000001f99ec9c4a0 Thread added: 0x000001f9a31ccf30
Event: 1588.231 Thread 0x000001f9f7fe4df0 Thread added: 0x000001f9a12cc760
Event: 1637.791 Thread 0x000001f9a31ccf30 Thread exited: 0x000001f9a31ccf30
Event: 1647.227 Thread 0x000001f9a12cc760 Thread exited: 0x000001f9a12cc760
Event: 1862.186 Thread 0x000001f99ec9c4a0 Thread added: 0x000001f9a1a6ed50
Event: 1874.468 Thread 0x000001f9f7fe34d0 Thread added: 0x000001f9a12cbcc0
Event: 1881.044 Thread 0x000001f9a12cbcc0 Thread exited: 0x000001f9a12cbcc0
Event: 1881.130 Thread 0x000001f9f7fe4df0 Thread added: 0x000001f9a272e890
Event: 1885.798 Thread 0x000001f9a272e890 Thread exited: 0x000001f9a272e890
Event: 1915.742 Thread 0x000001f9f7fe34d0 Thread added: 0x000001f9a181f090
Event: 1923.686 Thread 0x000001f9a181f090 Thread exited: 0x000001f9a181f090
Event: 1926.966 Thread 0x000001f9f7fe34d0 Thread added: 0x000001f9a2049f20
Event: 1930.166 Thread 0x000001f9a2049f20 Thread exited: 0x000001f9a2049f20
Event: 1939.549 Thread 0x000001f9a1a6ed50 Thread exited: 0x000001f9a1a6ed50


Dynamic libraries:
0x00007ff7ec120000 - 0x00007ff7ec12e000 	C:\Program Files\Microsoft\jdk-17.0.13.11-hotspot\bin\java.exe
0x00007ffc13df0000 - 0x00007ffc14007000 	C:\WINDOWS\SYSTEM32\ntdll.dll
0x00007ffc138a0000 - 0x00007ffc13964000 	C:\WINDOWS\System32\KERNEL32.DLL
0x00007ffc11650000 - 0x00007ffc11a20000 	C:\WINDOWS\System32\KERNELBASE.dll
0x00007ffc11530000 - 0x00007ffc11641000 	C:\WINDOWS\System32\ucrtbase.dll
0x00007ffc01340000 - 0x00007ffc0135d000 	C:\Program Files\Microsoft\jdk-17.0.13.11-hotspot\bin\VCRUNTIME140.dll
0x00007ffbfbf80000 - 0x00007ffbfbf97000 	C:\Program Files\Microsoft\jdk-17.0.13.11-hotspot\bin\jli.dll
0x00007ffc120a0000 - 0x00007ffc1224e000 	C:\WINDOWS\System32\USER32.dll
0x00007ffc11390000 - 0x00007ffc113b6000 	C:\WINDOWS\System32\win32u.dll
0x00007ffc125f0000 - 0x00007ffc12619000 	C:\WINDOWS\System32\GDI32.dll
0x00007ffbf7860000 - 0x00007ffbf7af2000 	C:\WINDOWS\WinSxS\amd64_microsoft.windows.common-controls_6595b64144ccf1df_6.0.22621.4830_none_270fe7d773858e80\COMCTL32.dll
0x00007ffc11270000 - 0x00007ffc1138b000 	C:\WINDOWS\System32\gdi32full.dll
0x00007ffc12630000 - 0x00007ffc126d7000 	C:\WINDOWS\System32\msvcrt.dll
0x00007ffc11120000 - 0x00007ffc111ba000 	C:\WINDOWS\System32\msvcp_win.dll
0x00007ffc139d0000 - 0x00007ffc13a01000 	C:\WINDOWS\System32\IMM32.DLL
0x00007ffc01550000 - 0x00007ffc0155c000 	C:\Program Files\Microsoft\jdk-17.0.13.11-hotspot\bin\vcruntime140_1.dll
0x00007ffbe1720000 - 0x00007ffbe17ad000 	C:\Program Files\Microsoft\jdk-17.0.13.11-hotspot\bin\msvcp140.dll
0x00007ffb84cb0000 - 0x00007ffb85921000 	C:\Program Files\Microsoft\jdk-17.0.13.11-hotspot\bin\server\jvm.dll
0x00007ffc11bf0000 - 0x00007ffc11ca1000 	C:\WINDOWS\System32\ADVAPI32.dll
0x00007ffc13c90000 - 0x00007ffc13d37000 	C:\WINDOWS\System32\sechost.dll
0x00007ffc111c0000 - 0x00007ffc111e8000 	C:\WINDOWS\System32\bcrypt.dll
0x00007ffc11f80000 - 0x00007ffc12094000 	C:\WINDOWS\System32\RPCRT4.dll
0x00007ffc12ea0000 - 0x00007ffc12f11000 	C:\WINDOWS\System32\WS2_32.dll
0x00007ffc10f70000 - 0x00007ffc10fbd000 	C:\WINDOWS\SYSTEM32\POWRPROF.dll
0x00007ffc07380000 - 0x00007ffc0738a000 	C:\WINDOWS\SYSTEM32\VERSION.dll
0x00007ffc037b0000 - 0x00007ffc037e4000 	C:\WINDOWS\SYSTEM32\WINMM.dll
0x00007ffc10f50000 - 0x00007ffc10f63000 	C:\WINDOWS\SYSTEM32\UMPDC.dll
0x00007ffc100a0000 - 0x00007ffc100b8000 	C:\WINDOWS\SYSTEM32\kernel.appcore.dll
0x00007ffc01160000 - 0x00007ffc0116a000 	C:\Program Files\Microsoft\jdk-17.0.13.11-hotspot\bin\jimage.dll
0x00007ffc0b970000 - 0x00007ffc0bba2000 	C:\WINDOWS\SYSTEM32\DBGHELP.DLL
0x00007ffc12260000 - 0x00007ffc125f0000 	C:\WINDOWS\System32\combase.dll
0x00007ffc137c0000 - 0x00007ffc13897000 	C:\WINDOWS\System32\OLEAUT32.dll
0x00007ffbe9310000 - 0x00007ffbe9342000 	C:\WINDOWS\SYSTEM32\dbgcore.DLL
0x00007ffc111f0000 - 0x00007ffc1126b000 	C:\WINDOWS\System32\bcryptPrimitives.dll
0x00007ffbfbf20000 - 0x00007ffbfbf2e000 	C:\Program Files\Microsoft\jdk-17.0.13.11-hotspot\bin\instrument.dll
0x00007ffbf8e00000 - 0x00007ffbf8e25000 	C:\Program Files\Microsoft\jdk-17.0.13.11-hotspot\bin\java.dll
0x00007ffbc28a0000 - 0x00007ffbc2977000 	C:\Program Files\Microsoft\jdk-17.0.13.11-hotspot\bin\jsvml.dll
0x00007ffc12f20000 - 0x00007ffc13798000 	C:\WINDOWS\System32\SHELL32.dll
0x00007ffc0efa0000 - 0x00007ffc0f8b0000 	C:\WINDOWS\SYSTEM32\windows.storage.dll
0x00007ffc0ee60000 - 0x00007ffc0ef9f000 	C:\WINDOWS\SYSTEM32\wintypes.dll
0x00007ffc11cb0000 - 0x00007ffc11dba000 	C:\WINDOWS\System32\SHCORE.dll
0x00007ffc12930000 - 0x00007ffc1298e000 	C:\WINDOWS\System32\shlwapi.dll
0x00007ffc10fd0000 - 0x00007ffc10ffb000 	C:\WINDOWS\SYSTEM32\profapi.dll
0x00007ffbf95d0000 - 0x00007ffbf95e8000 	C:\Program Files\Microsoft\jdk-17.0.13.11-hotspot\bin\zip.dll
0x00007ffbfbf00000 - 0x00007ffbfbf1a000 	C:\Program Files\Microsoft\jdk-17.0.13.11-hotspot\bin\net.dll
0x00007ffc074e0000 - 0x00007ffc0760c000 	C:\WINDOWS\SYSTEM32\WINHTTP.dll
0x00007ffc10510000 - 0x00007ffc1057a000 	C:\WINDOWS\system32\mswsock.dll
0x00007ffbfa080000 - 0x00007ffbfa096000 	C:\Program Files\Microsoft\jdk-17.0.13.11-hotspot\bin\nio.dll
0x00007ffc01650000 - 0x00007ffc01660000 	C:\Program Files\Microsoft\jdk-17.0.13.11-hotspot\bin\verify.dll
0x00007ffbe4040000 - 0x00007ffbe4067000 	D:\Android\.gradle\native\1def1411415f61bf3af743bc5b6707747c0891f09f0c88961ee8f79bc544acac\windows-amd64\native-platform.dll
0x00007ffbd3da0000 - 0x00007ffbd3e17000 	D:\Android\.gradle\native\0.2.8\x86_64-windows-gnu\gradle-fileevents.dll
0x00007ffc01ea0000 - 0x00007ffc01eaa000 	C:\Program Files\Microsoft\jdk-17.0.13.11-hotspot\bin\management.dll
0x00007ffc01e20000 - 0x00007ffc01e2b000 	C:\Program Files\Microsoft\jdk-17.0.13.11-hotspot\bin\management_ext.dll
0x00007ffc126e0000 - 0x00007ffc126e8000 	C:\WINDOWS\System32\PSAPI.DLL
0x00007ffc0fb10000 - 0x00007ffc0fb3d000 	C:\WINDOWS\SYSTEM32\IPHLPAPI.DLL
0x00007ffc12850000 - 0x00007ffc12859000 	C:\WINDOWS\System32\NSI.dll
0x00007ffc074c0000 - 0x00007ffc074d9000 	C:\WINDOWS\SYSTEM32\dhcpcsvc6.DLL
0x00007ffc074a0000 - 0x00007ffc074bf000 	C:\WINDOWS\SYSTEM32\dhcpcsvc.DLL
0x00007ffc0fb80000 - 0x00007ffc0fc82000 	C:\WINDOWS\SYSTEM32\DNSAPI.dll
0x00007ffbfbf30000 - 0x00007ffbfbf39000 	C:\Program Files\Microsoft\jdk-17.0.13.11-hotspot\bin\extnet.dll
0x00007ffc10860000 - 0x00007ffc1087b000 	C:\WINDOWS\SYSTEM32\CRYPTSP.dll
0x00007ffc10000000 - 0x00007ffc10035000 	C:\WINDOWS\system32\rsaenh.dll
0x00007ffc105b0000 - 0x00007ffc105d8000 	C:\WINDOWS\SYSTEM32\USERENV.dll
0x00007ffc10840000 - 0x00007ffc1084c000 	C:\WINDOWS\SYSTEM32\CRYPTBASE.dll
0x00007ffc0a080000 - 0x00007ffc0a08e000 	C:\Program Files\Microsoft\jdk-17.0.13.11-hotspot\bin\sunmscapi.dll
0x00007ffc113c0000 - 0x00007ffc11526000 	C:\WINDOWS\System32\CRYPT32.dll
0x00007ffc10970000 - 0x00007ffc1099d000 	C:\WINDOWS\SYSTEM32\ncrypt.dll
0x00007ffc10930000 - 0x00007ffc10967000 	C:\WINDOWS\SYSTEM32\NTASN1.dll
0x00007ffbf7850000 - 0x00007ffbf7858000 	C:\WINDOWS\system32\wshunix.dll
0x00007ffbf7350000 - 0x00007ffbf735a000 	C:\Windows\System32\rasadhlp.dll
0x00007ffc101b0000 - 0x00007ffc101e4000 	C:\WINDOWS\SYSTEM32\ntmarta.dll
0x00007ffbfb940000 - 0x00007ffbfb947000 	C:\Program Files\Microsoft\jdk-17.0.13.11-hotspot\bin\rmi.dll

dbghelp: loaded successfully - version: 4.0.5 - missing functions: none
symbol engine: initialized successfully - sym options: 0x614 - pdb path: .;C:\Program Files\Microsoft\jdk-17.0.13.11-hotspot\bin;C:\WINDOWS\SYSTEM32;C:\WINDOWS\WinSxS\amd64_microsoft.windows.common-controls_6595b64144ccf1df_6.0.22621.4830_none_270fe7d773858e80;C:\Program Files\Microsoft\jdk-17.0.13.11-hotspot\bin\server;D:\Android\.gradle\native\1def1411415f61bf3af743bc5b6707747c0891f09f0c88961ee8f79bc544acac\windows-amd64;D:\Android\.gradle\native\0.2.8\x86_64-windows-gnu

VM Arguments:
jvm_args: --add-opens=java.base/java.lang=ALL-UNNAMED --add-opens=java.base/java.lang.invoke=ALL-UNNAMED --add-opens=java.base/java.util=ALL-UNNAMED --add-opens=java.prefs/java.util.prefs=ALL-UNNAMED --add-exports=jdk.compiler/com.sun.tools.javac.api=ALL-UNNAMED --add-exports=jdk.compiler/com.sun.tools.javac.util=ALL-UNNAMED --add-opens=java.base/java.util=ALL-UNNAMED --add-opens=java.prefs/java.util.prefs=ALL-UNNAMED --add-opens=java.base/java.nio.charset=ALL-UNNAMED --add-opens=java.base/java.net=ALL-UNNAMED --add-opens=java.base/java.util.concurrent=ALL-UNNAMED --add-opens=java.base/java.util.concurrent.atomic=ALL-UNNAMED --add-opens=java.xml/javax.xml.namespace=ALL-UNNAMED -XX:MaxMetaspaceSize=384m -XX:ReservedCodeCacheSize=256m -Xmx1280m -Dfile.encoding=UTF-8 -Duser.country=US -Duser.language=en -Duser.variant -javaagent:D:\Android\.gradle\wrapper\dists\gradle-9.0.0-bin\d6wjpkvcgsg3oed0qlfss3wgl\gradle-9.0.0\lib\agents\gradle-instrumentation-agent-9.0.0.jar 
java_command: org.gradle.launcher.daemon.bootstrap.GradleDaemon 9.0.0
java_class_path (initial): D:\Android\.gradle\wrapper\dists\gradle-9.0.0-bin\d6wjpkvcgsg3oed0qlfss3wgl\gradle-9.0.0\lib\gradle-daemon-main-9.0.0.jar
Launcher Type: SUN_STANDARD

[Global flags]
     intx CICompilerCount                          = 3                                         {product} {ergonomic}
   size_t CompressedClassSpaceSize                 = 335544320                                 {product} {ergonomic}
     uint ConcGCThreads                            = 1                                         {product} {ergonomic}
     uint G1ConcRefinementThreads                  = 4                                         {product} {ergonomic}
   size_t G1HeapRegionSize                         = 1048576                                   {product} {ergonomic}
    uintx GCDrainStackTargetSize                   = 64                                        {product} {ergonomic}
   size_t InitialHeapSize                          = 132120576                                 {product} {ergonomic}
   size_t MarkStackSize                            = 4194304                                   {product} {ergonomic}
   size_t MaxHeapSize                              = 1342177280                                {product} {command line}
   size_t MaxMetaspaceSize                         = 402653184                                 {product} {command line}
   size_t MaxNewSize                               = 805306368                                 {product} {ergonomic}
   size_t MinHeapDeltaBytes                        = 1048576                                   {product} {ergonomic}
   size_t MinHeapSize                              = 8388608                                   {product} {ergonomic}
    uintx NonNMethodCodeHeapSize                   = 5832780                                {pd product} {ergonomic}
    uintx NonProfiledCodeHeapSize                  = 131301338                              {pd product} {ergonomic}
    uintx ProfiledCodeHeapSize                     = 131301338                              {pd product} {ergonomic}
    uintx ReservedCodeCacheSize                    = 268435456                              {pd product} {command line}
     bool SegmentedCodeCache                       = true                                      {product} {ergonomic}
   size_t SoftMaxHeapSize                          = 1342177280                             {manageable} {ergonomic}
   double SweeperThreshold                         = 0.468750                                  {product} {ergonomic}
     bool UseCompressedClassPointers               = true                           {product lp64_product} {ergonomic}
     bool UseCompressedOops                        = true                           {product lp64_product} {ergonomic}
     bool UseG1GC                                  = true                                      {product} {ergonomic}
     bool UseLargePagesIndividualAllocation        = false                                  {pd product} {ergonomic}

Logging:
Log output configuration:
 #0: stdout all=warning uptime,level,tags
 #1: stderr all=off uptime,level,tags

Environment Variables:
JAVA_HOME=C:\Program Files\Microsoft\jdk-17.0.13.11-hotspot\
PATH=c:\Users\zaind\AppData\Roaming\Code\User\globalStorage\github.copilot-chat\debugCommand;c:\Users\zaind\AppData\Roaming\Code\User\globalStorage\github.copilot-chat\copilotCli;C:\Python312\Scripts\;C:\Python312\;C:\Program Files\Microsoft\jdk-17.0.13.11-hotspot\bin;C:\WINDOWS\system32;C:\WINDOWS;C:\WINDOWS\System32\Wbem;C:\WINDOWS\System32\WindowsPowerShell\v1.0\;C:\WINDOWS\System32\OpenSSH\;C:\ProgramData\chocolatey\bin;C:\Users\zaind\AppData\Roaming\nvm;C:\Program Files\nodejs;C:\Program Files\CMake\bin;C:\Program Files\Git\cmd;C:\Program Files\nodejs\;C:\Users\zaind\AppData\Local\Microsoft\WindowsApps;C:\Users\zaind\AppData\Local\Programs\Microsoft VS Code\bin;C:\Users\zaind\AppData\Roaming\nvm;C:\Program Files\nodejs;D:\Android\Sdk\platform-tools;C:\Users\zaind\AppData\Local\GitHubDesktop\bin;C:\Users\zaind\AppData\Roaming\npm;C:\Users\zaind\Downloads\openjfx-17.0.14_windows-x64_bin-sdk\javafx-sdk-17.0.14\lib;C:\Users\zaind\AppData\Local\Programs\cursor\resources\app\bin;c:\Users\zaind\.vscode\extensions\vscjava.vscode-java-debug-0.59.0\bundled\scripts\noConfigScripts
USERNAME=zaind
LANG=en_US.UTF-8
OS=Windows_NT
PROCESSOR_IDENTIFIER=Intel64 Family 6 Model 142 Stepping 9, GenuineIntel
TMP=C:\Users\zaind\AppData\Local\Temp
TEMP=C:\Users\zaind\AppData\Local\Temp



Periodic native trim disabled


---------------  S Y S T E M  ---------------

OS:
 Windows 11 , 64 bit Build 22621 (10.0.22621.4830)
OS uptime: 14 days 15:48 hours
Hyper-V role detected

CPU: total 4 (initial active 4) (2 cores per cpu, 2 threads per core) family 6 model 142 stepping 9 microcode 0xf6, cx8, cmov, fxsr, ht, mmx, 3dnowpref, sse, sse2, sse3, ssse3, sse4.1, sse4.2, popcnt, lzcnt, tsc, tscinvbit, avx, avx2, aes, erms, clmul, bmi1, bmi2, rtm, adx, fma, vzeroupper, clflush, clflushopt, hv
Processor Information for processor 0
  Max Mhz: 2712, Current Mhz: 2611, Mhz Limit: 2603
Processor Information for processor 1
  Max Mhz: 2712, Current Mhz: 2611, Mhz Limit: 2603
Processor Information for processor 2
  Max Mhz: 2712, Current Mhz: 1506, Mhz Limit: 2603
Processor Information for processor 3
  Max Mhz: 2712, Current Mhz: 1506, Mhz Limit: 2603

Memory: 4k page, system-wide physical 8035M (100M free)
TotalPageFile size 23187M (AvailPageFile size 4M)
current process WorkingSet (physical memory assigned to process): 1456M, peak: 1625M
current process commit charge ("private bytes"): 1945M, peak: 1950M

vm_info: OpenJDK 64-Bit Server VM (17.0.13+11-LTS) for windows-amd64 JRE (17.0.13+11-LTS), built on Oct 11 2024 23:25:05 by "MicrosoftCorporation" with unknown MS VC++:1939

END.
